"編號","單字","詞性","中文意思","英文例句","例句翻譯"
"1","activity","n.","活動","Outdoor activities are good for your health.","戶外活動對你的健康有益。"
"2","actor","n.","男演員","He is a famous actor in Hollywood.","他是好萊塢的知名男演員。"
"3","actress","n.","女演員","She won an award for best actress last night.","她昨晚獲得了最佳女演員獎。"
"4","a.m.","adv.","早上","The meeting starts at 9:00 a.m. tomorrow.","會議將於明天早上九點開始。"
"5","ability","n.","能力","She has the ability to speak three languages.","她有說三種語言的能力。"
"6","able","adj.","能夠","Will you be able to come to my party?","你能夠來參加我的派對嗎？"
"7","actually","adv.","實際上","I actually don't know the answer to this question.","我實際上不知道這個問題的答案。"
"8","about","prep.","大約、關於","The movie is about a brave dog.","這部電影是關於一隻勇敢的狗。"
"9","add","v.","增加","Please add some sugar to my coffee.","請在我的咖啡裡加點糖。"
"10","above","prep.","在...之上","The airplane is flying high above the clouds.","飛機正在雲層之上高高地飛行。"
"11","addition","n.","增加","In addition to English, he can speak French.","除了英文之外，他還會說法文。"
"12","address","n./v.","地址、演說；對付解決","Please write down your mailing address here.","請在這裡寫下您的郵寄地址。"
"13","abroad","adv.","在國外","My brother is currently studying abroad in Japan.","我哥哥目前在國外的日本唸書。"
"14","absent","adj.","缺席的","He was absent from school yesterday because of a cold.","他昨天因為感冒而在學校缺席。"
"15","accept","v.","接受,同意","She decided to accept the job offer.","她決定接受這份工作邀約。"
"16","accident","n.","意外事故,機運","Drive carefully to avoid a car accident.","開車小心以避免車禍意外事故。"
"17","achieve","v.","達成,實現","You can achieve your goals through hard work.","透過努力工作，你可以達成你的目標。"
"18","across","prep./adv.","穿過,橫越","We walked across the street safely.","我們安全地穿過馬路。"
"19","act","v./n.","行動,扮演；行為","Think carefully before you act.","行動前請三思。"
"20","action","n.","行為,作用","Actions speak louder than words.","行為勝於言語。"
"21","admire","v.","欣賞,愛","I really admire your courage to try new things.","我真的很欣賞你嘗試新事物的勇氣。"
"22","admit","v.","承認,准許","He finally admitted his mistake.","他最終承認了他的錯誤。"
"23","adopt","v.","採用,領養","The couple decided to adopt a child from the shelter.","這對夫婦決定領養一個孩子。"
"24","adult","n./adj.","成人；成熟的,成年的","Adults need to pay full price for the museum tickets.","成人需要支付博物館門票的全額票價。"
"25","advance","v./n.","前進,提出","We need to book the train tickets in advance.","我們需要預先預訂火車票。"
"26","advantage","n./v.","有利條件,優點；有利於","Good computer skills are a big advantage in this job.","良好的電腦技能在這份工作中是一個很大的優點。"
"27","advertisement","n.","廣告,宣傳","I saw an advertisement for the new phone on TV.","我在電視上看到了新手機的廣告。"
"28","active","adj.","積極主動的、活潑的","She is an active member of the school sports club.","她是學校運動社團中一位積極主動的成員。"
"29","advice","n.","建議,勸告","Thank you for your helpful advice.","謝謝你實用且有幫助的建議。"
"30","advise","v.","建議,勸告","The doctor advised him to get more rest.","醫生建議他多休息。"
"31","affect","v.","影響","Smoking can affect your health.","抽菸會影響你的健康。"
"32","afraid","adj.","害怕","Don't be afraid of making mistakes.","不要害怕犯錯。"
"33","after","prep./conj./adv.","在...之後","We went home after the movie.","電影結束後我們回家了。"
"34","afternoon","n.","下午","I usually take a nap in the afternoon.","我通常在下午午睡。"
"35","again","adv.","再一次","Can you say that again, please?","請你可以再說一遍嗎？"
"36","against","prep.","反對、對著","They are against the new plan.","他們反對這個新計畫。"
"37","age","n.","年齡","What is your age?","你的年齡是多少？"
"38","ago","adv.","以前","I moved here ten years ago.","我十年前搬到這裡。"
"39","agree","v.","同意","I agree with your idea.","我同意你的點子。"
"40","agreement","n.","同意、協定","We finally reached an agreement.","我們最終達成了一項協議。"
"41","ahead","adv.","在前、領先","There is a gas station ahead.","前方有一間加油站。"
"42","aid","n./v.","幫助","First aid is very important.","急救非常重要。"
"43","aim","v./n.","瞄準、目標","Our aim is to help the poor.","我們的目標是幫助窮人。"
"44","air","n.","空氣、天空","The air is fresh in the mountains.","山上的空氣很清新。"
"45","aircraft","n.","航空器","The military uses different types of aircraft.","軍方使用不同類型的航空器。"
"46","airline","n.","航線、航空公司","Which airline are you flying with?","你搭乘哪家航空公司？"
"47","airplane","n.","飛機","The airplane took off on time.","飛機準時起飛。"
"48","airport","n.","機場","He is waiting for us at the airport.","他正在機場等我們。"
"49","alarm","n./v.","鬧鐘、警報","I set my alarm for 6:00 a.m.","我把鬧鐘設定在早上六點。"
"50","album","n.","相簿、唱片集","This is my favorite photo album.","這是我最喜歡的相簿。"
"51","alike","adj./adv.","相似的","The two sisters look very much alike.","這對姊妹長得很像。"
"52","alive","adj.","活著的","Is the plant still alive?","這株植物還活著嗎？"
"53","all","adj./adv./pron.","全部","All the students are in the classroom.","所有的學生都在教室裡。"
"54","allow","v.","准許","My parents don't allow me to go out late.","我父母不准許我太晚出門。"
"55","almost","adv.","幾乎","It's almost dinner time.","幾乎到晚餐時間了。"
"56","alone","adj./adv.","獨自的","She lives alone in a small house.","她獨自住在一間小房子裡。"
"57","along","prep./adv.","沿著","We walked along the river bank.","我們沿著河岸散步。"
"58","aloud","adv.","大聲地","Please read the story aloud.","請大聲讀出這個故事。"
"59","alphabet","n.","字母","There are 26 letters in the English alphabet.","英文全套字母中有 26 個字母。"
"60","already","adv.","已經","I have already finished my homework.","我已經完成功課了。"
"61","also","adv.","也","He speaks English and he also speaks French.","他會說英文，他也會說法文。"
"62","although","conj.","雖然，但是","Although it was raining, we went for a walk.","雖然正在下雨，我們還是去散步了。"
"63","altogether","adv.","全部合計，總之","That's 500 dollars altogether, please.","這樣總共是 500 元，謝謝。"
"64","always","adv.","總是","She always gets up early in the morning.","她早上總是很早起床。"
"65","am","v.","是","I am a student at this school.","我是這間學校的學生。"
"66","ambulance","n.","救護車","Call an ambulance quickly!","快點叫救護車！"
"67","America","n.","美國","I want to visit America next summer.","我明年夏天想去美國旅遊。"
"68","American","adj./n.","美國的、美國人","Football is a popular American sport.","美式足球是一項受歡迎的美國運動。"
"69","among","prep.","在...之中","She was sitting among her friends.","她當時正坐在她的朋友們之中。"
"70","amount","n./v.","數量、合計","A large amount of money was spent on the project.","這個計畫花費了大量的金錢。"
"71","ancient","adj.","古老的，舊的","We visited an ancient castle in Europe.","我們參觀了歐洲一座古老的城堡。"
"72","and","conj.","和，而且","I like apples and bananas.","我喜歡蘋果和香蕉。"
"73","angel","n.","天使","The little girl looked like a sweet angel.","那個小女孩看起來就像個可愛的天使。"
"74","anger","n./v.","憤怒、使生氣","He tried to control his anger.","他試著控制自己的憤怒。"
"75","angry","adj.","生氣的","Why are you angry with me?","你為什麼在生我的氣？"
"76","animal","n.","動物","The elephant is a very large animal.","大象是一種非常巨大的動物。"
"77","ankle","n.","腳踝","He hurt his ankle while playing basketball.","他打籃球時傷到了腳踝。"
"78","another","adj./pron.","另一個、另一個的","Would you like another cup of tea?","你想再來一杯茶嗎？"
"79","answer","n./v.","答案、回答","Please answer my question.","請回答我的問題。"
"80","ant","n.","螞蟻","Look at the small ant on the table.","看桌上那隻小螞蟻。"
"81","any","adj./pron.","任何的","Do you have any questions?","你有任何問題嗎？"
"82","anybody","pron.","任何人","Is anybody in the kitchen?","有人在廚房裡嗎？"
"83","anyone","pron.","任何人","Does anyone know the answer?","有誰知道答案嗎？"
"84","anything","pron.","任何東西","I don't know anything about the plan.","關於這個計畫我什麼都不知道。"
"85","anyway","adv.","無論如何，反正","It was raining, but we went out anyway.","當時正在下雨，但無論如何我們還是出門了。"
"86","anywhere","adv.","任何地方","I can't find my keys anywhere.","我在任何地方都找不到我的鑰匙。"
"87","apartment","n.","公寓","They live in a small apartment in Taipei.","他們住在台北的一間小公寓裡。"
"88","apologize","v.","道歉","You should apologize to her for being late.","你應該因為遲到而向她道歉。"
"89","appear","v.","出現，似乎是","A rainbow appeared after the heavy rain.","大雨過後出現了一道彩虹。"
"90","appearance","n.","出現，外表","Don't judge a person by their appearance.","不要以貌取人。"
"91","apple","n.","蘋果","An apple a day keeps the doctor away.","一天一蘋果，醫生遠離我。"
"92","appreciate","v.","感激、欣賞","I really appreciate your help.","我真的很感激你的幫忙。"
"93","apron","n.","圍裙","She wore a white apron in the kitchen.","她在廚房裡穿著一件白圍裙。"
"94","April","n.","四月","April is the fourth month of the year.","四月是一年之中的第四個月。"
"95","area","n.","區域、面積","There is a play area for children in the park.","公園裡有一個兒童遊戲區。"
"96","argue","v.","爭論","Don't argue with your sister about the toy.","不要為了玩具跟你姊姊爭論。"
"97","arm","n.","手臂","He broke his left arm during the soccer game.","他在足球比賽中弄斷了左手臂。"
"98","armchair","n.","扶手椅","My grandfather loves to sit in his favorite armchair.","我爺爺喜歡坐在他最愛的扶手椅上。"
"99","army","n.","軍隊","He joined the army after graduating from high school.","他高中畢業後加入了軍隊。"
"100","around","prep./adv.","在...周圍、大約","We walked around the lake this morning.","我們今天早上繞著湖散步。"
"101","arrange","v.","安排、排列","Please help me arrange these books on the shelf.","請幫我把這些書在書架上排列好。"
"102","arrest","v./n.","逮捕","The police arrived to arrest the thief.","警方趕到並逮捕了小偷。"
"103","arrive","v.","到達","What time will the train arrive at the station?","火車什麼時候會到達車站？"
"104","art","n.","藝術","She loves art and enjoys painting pictures.","她喜愛藝術且享受畫畫。"
"105","article","n.","文章","I read an interesting article about space travel.","我讀了一篇關於太空旅行的有趣文章。"
"106","artist","n.","藝術家","The young artist drew a beautiful portrait.","這位年輕的藝術家畫了一幅美麗的肖像。"
"107","as","prep./conj./adv.","如同、當...時、作為","He works as a volunteer at the local hospital.","他在當地醫院擔任志工。"
"108","ash","n.","灰","The volcano threw smoke and ash into the sky.","火山向天空中噴出煙霧和火山灰。"
"109","ashamed","adj.","羞愧的","You should not be ashamed of asking for help.","你不應該因為尋求幫助而感到羞愧。"
"110","Asia","n.","亞洲","China and Japan are countries in Asia.","中國和日本是亞洲的國家。"
"111","Asian","adj./n.","亞洲的、亞洲人","We love eating Asian food like sushi and rice.","我們喜歡吃像壽司和米飯這樣的亞洲食物。"
"112","ask","v.","問、要求","If you don't know the way, you can ask a policeman.","如果你不知道路，你可以問警察。"
"113","asleep","adj.","睡著的","The baby is fast asleep in the crib.","寶寶在嬰兒床裡熟睡著。"
"114","assistant","n.","助理","The shop assistant was very polite and helpful.","店員非常客氣且樂於助人。"
"115","at","prep.","在","We will meet at the entrance of the theater.","我們將在劇院門口見面。"
"116","attack","v./n.","攻擊","The dog will not attack you if you stay still.","如果你保持不動，那隻狗就不會攻擊你。"
"117","attend","v.","出席、參加","All students must attend the morning meeting.","所有學生都必須出席晨會。"
"118","attention","n.","注意、商業考慮","Please pay attention to the safety rules.","請注意安全規則。"
"119","audience","n.","觀眾","The audience clapped loudly after the performance.","表演結束後，觀眾大聲鼓掌。"
"120","August","n.","八月","Our summer vacation usually ends in late August.","我們的暑假通常在八月底結束。"
"121","aunt","n.","伯母、阿姨、嬸嬸、舅媽","My aunt bought me a beautiful dress for my birthday.","我阿姨買了一件漂亮的洋裝送我當生日禮物。"
"122","Australia","n.","澳洲、澳大利亞","Kangaroos are native animals of Australia.","袋鼠是澳洲特有的動物。"
"123","Australian","adj./n.","澳洲的、澳大利亞的；澳洲人","He has a unique Australian accent.","他有一種獨特的澳洲口音。"
"124","autumn","n.","秋天、秋季","The leaves change colors and fall in autumn.","樹葉在秋天會變色並掉落。"
"125","available","adj.","可得到的、可用的、有空的","Is this seat available, or is someone sitting here?","這個座位有人坐嗎（可以使用嗎）？"
"126","avoid","v.","避免、躲避","You should avoid eating too much junk food.","你應該避免吃太多垃圾食物。"
"127","aware","adj.","意識到的、知道的","She was not aware of the change in the schedule.","她沒有意識到行程上的變更。"
"128","away","adv.","離開、在遠處","Please put your toys away before dinner.","請在晚餐前把你的玩具收起來。"
"129","baby","n.","嬰兒","The baby fell asleep while listening to the music.","寶寶聽著音樂時睡著了。"
"130","back","n./adv./adj./v.","背部、後面；向後；後面的；支持","He carried a heavy backpack on his back.","他背上背著一個沉重的背包。"
"131","backward","adv./adj.","向後地；向後的","She took a step backward to look at the painting.","她向後退了一步來欣賞那幅畫。"
"132","bad","adj.","壞的、不好的","Eating too much sugar is bad for your teeth.","吃太多糖對你的牙齒不好。"
"133","badminton","n.","羽毛球","We often play badminton in the park on weekends.","我們週末經常在公園打羽毛球。"
"134","bag","n./v.","袋子、包包；把...裝入袋中","She put her books into her school bag.","她把書放進書包裡。"
"135","bake","v.","烘烤、烤","My mother loves to bake delicious cookies.","我媽媽喜歡烤美味的餅乾。"
"136","bakery","n.","麵包店","The bread from that bakery smells wonderful.","那家麵包店的麵包聞起來很香。"
"137","balcony","n.","陽台","We can see the beautiful sunset from our balcony.","我們可以從我們的陽台看到美麗的夕陽。"
"138","ball","n.","球、舞會","The dog ran after the ball in the yard.","狗在院子裡追著球跑。"
"139","balloon","n.","氣球","The little boy was holding a red balloon.","那個小男孩手裡拿著一個紅氣球。"
"140","banana","n.","香蕉","Monkeys love to eat bananas.","猴子喜歡吃香蕉。"
"141","band","n./v.","樂團、帶子；結合","The school band will perform at the ceremony.","學校樂團將在典禮上演出。"
"142","bank","n./v.","銀行、河岸；存入銀行","I need to go to the bank to save some money.","我需要去銀行存點錢。"
"143","banker","n.","銀行家","His father is a successful banker.","他的父親是一位成功的銀行家。"
"144","bar","n./v.","酒吧、條、塊；阻擋","He bought a bar of chocolate for his little sister.","他買了一塊巧克力給他的小妹妹。"
"145","barbecue","n./v.","烤肉","We had a grand barbecue party on Moon Festival.","我們在中秋節舉辦了一個盛大的烤肉派對。"
"146","barber","n.","理髮師","The barber cut my hair very quickly.","理髮師很快地幫我剪了頭髮。"
"147","bark","n./v.","狗叫聲、樹皮；狗叫","The dog started to bark when someone knocked on the door.","當有人敲門時，那隻狗開始叫了。"
"148","base","n./v.","基礎、基地；基於","This movie is based on a true story.","這部電影是根據真實故事改編。"
"149","baseball","n.","棒球","Baseball is one of the most popular sports in Taiwan.","棒球是台灣最受歡迎的運動之一。"
"150","basement","n.","地下室","We store our old furniture in the basement.","我們把舊家具儲存在地下室。"
"151","basic","adj.","基礎的、基本的","Regular exercise is a basic need for health.","定期運動是健康的根本需求。"
"152","basis","n.","基礎、根據","Trust is the basis of a good friendship.","信任是良好友誼的基礎。"
"153","basket","n.","籃子、一籃的量","She put the fresh apples into the basket.","她把新鮮的蘋果放進籃子裡。"
"154","basketball","n.","籃球","My brother loves playing basketball with his friends.","我哥哥喜歡和他的朋友打籃球。"
"155","bat","n./v.","球棒、蝙蝠；揮棒、打擊","The baseball player swung his bat and hit a home run.","棒球選手揮動球棒，打出了一支全壘打。"
"156","bath","n.","洗澡、沐浴","After a long day, I like to take a warm bath.","在忙碌的一天後，我喜歡洗個熱水澡。"
"157","bathroom","n.","浴室、洗手間","Excuse me, where is the bathroom?","請問洗手間在哪裡？"
"158","be","v.","是、存在","I want to be a helpful teacher in the future.","我未來想成為一名樂於助人的老師。"
"159","beach","n.","海灘、海濱","We built a large sandcastle on the beach.","我們在海灘上建造了一座大沙堡。"
"160","bean","n.","豆子","Green beans are very good for your health.","綠豆（四季豆）對你的健康非常有益。"
"161","bear","n./v.","熊；承受、忍受","We saw a big brown bear at the zoo yesterday.","我們昨天在動物園看到了一隻大棕熊。"
"162","beard","n.","下巴的鬍鬚","He decided to grow a beard this winter.","他決定今年冬天留落腮鬍。"
"163","beat","v./n.","打敗、敲擊；拍子、心跳","Our team beat the opponents and won the game.","我們隊擊敗了對手並贏得了比賽。"
"164","beautiful","adj.","美麗的","The flowers in the garden are very beautiful.","花園裡的花非常美麗。"
"165","because","conj.","因為","I stayed at home because it was raining heavily.","我待在客廳因為當時正下著大雨。"
"166","become","v.","變成、成為","The weather has become very cold recently.","最近天氣變得非常冷。"
"167","bed","n.","床","Please go to bed early and get enough sleep.","今晚請早點上床睡覺並獲得充足睡眠。"
"168","bedroom","n.","臥室、房間","My bedroom has a big window and lots of sunlight.","我的臥室有一扇大窗戶且採光充足。"
"169","bee","n.","蜜蜂","A bee is flying around the colorful flowers.","一隻蜜蜂正圍繞著色彩繽紛的花朵飛舞。"
"170","beef","n.","牛肉","I ordered a bowl of delicious beef noodle soup.","我點了一碗美味的牛肉麵。"
"171","beer","n.","啤酒","Adults should not drive after drinking beer.","成人在喝完啤酒後絕不應該開車。"
"172","before","prep./conj./adv.","在...之前","Always wash your hands before eating dinner.","吃晚餐前一定要洗手。"
"173","begin","v.","開始","The English class will begin in five minutes.","英文課將在五分鐘後開始。"
"174","beginner","n.","初學者","This textbook is perfect for an English beginner.","這本教科書非常適合英文初學者。"
"175","beginning","n.","開始、起點","At the beginning of the movie, everything was peaceful.","在電影的開頭，一切都很和平。"
"176","behave","v.","表現、舉止得體","The children behaved very well at the party.","孩子們在派對上表現得非常好。"
"177","behind","prep./adv.","在...後面","The cute cat is hiding behind the sofa.","那隻可愛的貓咪正躲在沙發後面。"
"178","belief","n.","信念、信仰","It is my belief that hard work leads to success.","努力能帶來成功是我的信念。"
"179","believe","v.","相信","I believe you can pass the English test easily.","我相信你能輕鬆通過這場英文考試。"
"180","bell","n.","鈴、鐘","The school bell rang and the class ended.","下課鐘聲響了，課程也結束了。"
"181","birthday","n.","生日","We prepared a big cake for my father's birthday.","我們為我父親的生日準備了一個大蛋糕。"
"182","bit","n./adv.","一點點、一會兒","I am a little bit tired after the long walk.","長途步行後我有一點點累。"
"183","bite","v./n.","咬","Be careful! That dog might bite you.","小心！那隻狗可能會咬你。"
"184","bitter","adj.","苦的、嚴厲的","The medicine tastes bitter, but it is good for you.","這藥吃起來很苦，但對你有好處。"
"185","black","adj./n.","黑色的；黑色","She loves wearing black clothes because they look cool.","她喜歡穿黑色的衣服，因為看起來很酷。"
"186","blackboard","n.","黑板","The teacher wrote the homework on the blackboard.","老師把家庭作業寫在黑板上。"
"187","blame","v./n.","責怪、歸咎","Don't blame others for your own mistakes.","不要為了你自己的錯誤而責怪別人。"
"188","blank","adj./n.","空白的；空白、空格","Please fill in the blanks with the correct answers.","請在空格內填入正確答案。"
"189","blanket","n./v.","毛毯；覆蓋","It's very cold tonight, so I need another blanket.","今晚很冷，所以我需要另一件毛毯。"
"190","blind","adj./v.","盲的、瞎的；使失明","The blind man uses a white cane to walk safely.","那位盲人使用白手杖安全地走路。"
"191","block","n./v.","街區、積木、大樓；阻擋","We walked around the block to get some fresh air.","我們繞著街區散步以呼吸一些新鮮空氣。"
"192","blood","n.","血液、血統","Blood carries oxygen to all parts of the body.","血液將氧氣輸送到身體的各個部位。"
"193","blouse","n.","女襯衫","She wore a beautiful white blouse to the interview.","她穿著一件漂亮的白襯衫去面試。"
"194","blow","v./n.","吹、吹氣；重擊","The wind started to blow hard as the storm arrived.","隨著暴風雨到來，風開始颳得很強（大吹）。"
"195","blue","adj./n.","藍色的；藍色、憂鬱","The sky is clear and blue today.","今天的空中晴朗又蔚藍。"
"196","board","n./v.","木板、董事會、佈告欄；登機、上車","The students read the notice on the bulletin board.","學生們閱讀了公佈欄上的通知。"
"197","boat","n.","小船","They went fishing in a small boat on the lake.","他們搭乘一艘小船在湖上釣魚。"
"198","body","n.","身體","Eating vegetables is good for your body.","吃蔬菜對你的身體有好處。"
"199","boil","v.","沸騰、煮沸","Please boil some water to make hot tea.","請燒（煮沸）一些水來泡熱茶。"
"200","bomb","n./v.","炸彈；轟炸","The soldiers found an old bomb in the fields.","士兵們在田野裡發現了一枚舊炸彈。"
"201","bone","n.","骨頭","The dog loves to chew on a big bone.","這隻狗喜歡啃大骨頭。"
"202","book","n./v.","書本；預訂","Remember to book the hotel room before your trip.","出遊前記得要預訂飯店房間。"
"203","bookcase","n.","書櫃、書架","He put all his favorite novels into the bookcase.","他把他所有最喜歡的小說放進書櫃裡。"
"204","bored","adj.","感到無聊的","I felt bored during the long and dry speech.","在那場漫長又枯燥的演講中我感到很無聊。"
"205","boring","adj.","令人無聊的","This movie is so boring that I fell asleep.","這部電影太無聊了，以至於我睡著了。"
"206","born","adj.","出生的、天生的","She was born in a small, beautiful town in 2010.","她於 2010 年出生在一個美麗的小鎮。"
"207","borrow","v.","借入","Can I borrow your English dictionary for a minute?","我可以借用你的英文字典一下嗎？"
"208","boss","n./v.","老闆；指使","My boss is very kind and always helps the team.","我的老闆非常仁慈且總是幫助團隊。"
"209","both","adj./pron./adv.","兩者都","Both of my parents are high school teachers.","我的父母兩者都是高中老師。"
"210","broad","adj.","寬廣的","The river is broad enough for large ships to pass.","這條河流足夠寬廣，可以讓大型船隻通過。"
"211","broadcast","v./n.","廣播、播送","The radio station broadcasts news 24 hours a day.","這家電台一天 24 小時播送新聞。"
"212","brother","n.","兄、弟","My elder brother is a university student.","我的哥哥是一名大學生。"
"213","brown","n./adj.","褐色、棕色；褐色的","She has beautiful brown eyes.","她有一雙美麗的棕色眼睛。"
"214","brunch","n.","早午餐","We usually have brunch together on Sundays.","我們通常在星期日一起吃早午餐。"
"215","brush","n./v.","刷子；刷、梳","Don't forget to brush your teeth before bed.","睡前別忘了刷牙。"
"216","bucket","n.","水桶","He filled the bucket with water to clean the floor.","他把水桶裝滿水來清理地板。"
"217","buffet","n./v.","自助餐；打擊","The hotel offers a delicious buffet dinner.","這家飯店提供美味的自助晚餐。"
"218","bug","n.","昆蟲、小蟲","There is a small bug on the green leaf.","綠色的葉子上有一隻小昆蟲。"
"219","build","v.","建造、建築","They plan to build a new library here.","他們計畫在這裡建造一座新圖書館。"
"220","building","n.","建築物、大樓","Taipei 101 is a very tall building.","台北 101 是一棟非常高的大樓。"
"221","bun","n.","小圓麵包、饅頭","I bought a sweet cinnamon bun for breakfast.","我買了一個甜肉桂小圓麵包當早餐。"
"222","bundle","n./v.","捆、束、包","He carried a large bundle of firewood.","他抱著一重捆柴火。"
"223","burn","v.","燃燒、燒傷","The campfire burned brightly all night.","營火整晚都明亮地燃燒著。"
"224","burst","v.","爆炸、破裂、猛烈爆發","The balloon burst when it touched the rose thorn.","氣球碰到玫瑰刺時破裂了。"
"225","bus","n.","公車、巴士","I usually take the bus to school every morning.","我每天早上通常搭公車去上學。"
"226","business","n.","生意、商業、事情","He travels to New York on business quite often.","他經常因公出差去紐約談生意。"
"227","businessman","n.","商人、企業家","My uncle is a successful businessman.","我的舅舅是一位成功的商人。"
"228","busy","adj.","忙碌的","She is very busy preparing for her final exams.","她正忙著準備期末考。"
"229","but","conj.","但是","I want to buy this dress, but it is too expensive.","我想買這件洋裝，但是它太貴了。"
"230","butter","n./v.","奶油","Please spread some butter on the toast.","請在吐司上抹一些奶油。"
"231","butterfly","n.","蝴蝶","A beautiful butterfly landed on the pink flower.","一隻美麗的蝴蝶停在粉紅色的花朵上。"
"232","button","n./v.","鈕扣、按鈕；扣上","Press this red button to start the machine.","按下這個紅色的按鈕來啟動機器。"
"233","buy","v./n.","購買","I need to buy some fresh vegetables from the market.","我需要去市場買一些新鮮蔬菜。"
"234","by","prep.","在...旁邊、被、靠、經由","She sits by the window and reads a book.","她坐在窗戶旁邊看書。"
"235","cabbage","n.","高麗菜、甘藍菜","My mom made a delicious salad with cabbage.","我媽媽用高麗菜做了一份美味的沙拉。"
"236","cabinet","n.","櫥櫃、櫃子","Please put the clean cups back into the kitchen cabinet.","請把乾淨的杯子放回廚房的櫥櫃裡。"
"237","cable","n.","電纜、有線電視","We watch movies on cable TV every weekend.","我們每個週末都透過有線電視看電影。"
"238","cafeteria","n.","自助餐廳","Students usually have lunch in the school cafeteria.","學生們通常在學校的自助餐廳吃午餐。"
"239","cage","n./v.","鳥籠、獸籠；關進籠子","The colorful parrot is singing in its cage.","那隻色彩鮮豔的鸚鵡正在牠的籠子裡唱歌。"
"240","cake","n./v.","蛋糕","She baked a chocolate cake for her friend's party.","她為朋友的派對烤了一個巧克力蛋糕。"
"241","calendar","n.","日曆、月曆、行事曆","I marked the exam date on my wall calendar.","我在牆上的日曆上標記了考試日期。"
"242","call","n./v.","呼叫、電話；打電話、稱呼","Please call me when you arrive at the train station.","你到達火車站時請打電話給我。"
"243","calm","adj./v.","平靜的、鎮靜的；使平靜","The sea was very calm and beautiful this morning.","今天早上的大海非常平靜而美麗。"
"244","camera","n.","照相機","He bought a new digital camera to take photos on his trip.","他買了一台新的數位相機以便在旅途中拍照。"
"245","camp","n./v.","營地、露營；紮營","The students set up a camp near the beautiful river.","學生們在美麗的河邊搭起了營地。"
"246","campus","n.","校園","The university campus is very big and full of trees.","這所大學的校園非常大且綠意盎然。"
"247","can","v./n.","能夠、可以；罐頭、金屬罐","You can open this can with a helper tool.","你可以用輔助工具打開這個罐頭。"
"248","Canada","n.","加拿大","Canada is known for its cold winters and maple syrup.","加拿大以其寒冷的冬天和楓糖漿而聞名。"
"249","Canadian","adj./n.","加拿大的；加拿大人","My new English teacher is a very friendly Canadian.","我的新英文老師是一位非常友善的加拿大人。"
"250","cancel","v.","取消","They had to cancel the outdoor flight due to bad weather.","因為天氣惡劣，他們不得不取消戶外飛行班次。"
"251","cancer","n.","癌症","Doctors are working hard to find better ways to cure cancer.","醫生們正努力工作以尋找更好的方法來治癒癌症。"
"252","candle","n.","蠟燭","She lit a small candle when the electricity went out.","停電時，她點燃了一根小蠟燭。"
"253","candy","n.","糖果","Eating too much sweet candy is bad for your teeth.","吃太多甜糖果對你的牙齒不好。"
"254","cap","n./v.","鴨舌帽、蓋子；覆蓋","He always wears a cool baseball cap when playing sports.","他運動時總會戴著一頂酷炫的棒球帽。"
"255","captain","n.","船長、機長、隊長","The captain welcomed all the passengers on board the ship.","船長歡迎所有乘客登船。"
"256","car","n.","汽車","My parents decided to buy a new electric car this year.","我父母決定今年買一輛新的電動汽車。"
"257","card","n.","卡片、紙牌、卡","I sent a handmade birthday card to my grandmother.","我寄了一張手工製作的生日卡片給我的祖母。"
"258","care","n./v.","照顧、在乎、小心","Parents always care deeply about their children's safety.","父母總是深深關心著他們孩子的安全。"
"259","career","n.","職業、生涯","She wants to start a professional career in nursing.","她想開啟護理方面的專業職業生涯。"
"260","careful","adj.","小心的、仔細的","Please be careful when you cross the busy street.","過繁忙的馬路時請小心。"
"261","careless","adj.","粗心的、疏忽的","Making careless mistakes can lower your exam scores.","犯粗心的錯誤會降低你的考試分數。"
"262","carpet","n.","地毯","We laid a soft gray carpet in the cozy living room.","我們在舒適的客廳鋪了柔軟的灰色地毯。"
"263","carrot","n.","胡蘿蔔","Rabbits love eating crunchy and sweet orange carrots.","兔子喜歡吃清脆清甜的橘色胡蘿蔔。"
"264","carry","v.","攜帶、搬運、攜帶","Can you help me carry this heavy box up to the second floor?","你能幫我把這個重箱子搬到二樓嗎？"
"265","cartoon","n.","卡通、漫畫","Children love watching funny cartoons on Saturday mornings.","孩子們喜歡在星期六早上看搞笑的卡通。"
"266","case","n.","案件、箱子、情況","In this special case, we need to change our original plan.","而在這種特殊情況下，我們需要改變原定的計畫。"
"267","cash","n.","現金","I don't have any cash with me, can I pay by credit card?","我身上沒有任何現金，我可以用信用卡付款嗎？"
"268","cassette","n.","卡帶、錄音帶","My father still keeps some old music cassettes from the 90s.","我父親仍然保留著一些 90 年代的舊音樂卡帶。"
"269","castle","n.","城堡","The ancient stone castle stands high on top of the mountain.","古老的石造城堡高高地聳立在山頂上。"
"270","cat","n.","貓","The cute black cat is sleeping peacefully under the sun.","那隻可愛的黑貓正悠閒地在陽光下睡覺。"
"271","catch","v./n.","接住、捕捉、趕上、理解","The baseball player jumped high to catch the ball.","那名棒球選手跳得很高以接住那顆球。"
"272","cause","n./v.","原因、理由、目標；引起、導致","The heavy rain was the main cause of the traffic jam.","大雨是造成交通堵塞的主要原因。"
"273","CD","n.","光碟、雷射唱片","He still likes to listen to music on a CD.","他仍然喜歡用光碟聽音樂。"
"274","ceiling","n.","天花板","There is a beautiful lamp hanging from the ceiling.","天花板上掛著一盞漂亮的小燈。"
"275","cell","n.","細胞、小房間","The scientist looked at the plant cell under a microscope.","科學家在顯微鏡下觀察植物細胞。"
"276","cent","n.","分（貨幣單位，一元的一百一）","An American dollar is equal to one hundred cents.","一美元等於一百美分。"
"277","center","n./v.","中心、焦點；集中","We met at the shopping center in the middle of the city.","我們在市中心的購物中心碰面。"
"278","centimeter","n.","公分","The textbook is about twenty-five centimeters long.","這本教科書大約有 25 公分長。"
"279","central","adj.","中央的、核心的、主要的","The central park is a great place to relax on weekends.","中央公園是週末放鬆的好地方。"
"280","century","n.","世紀、百年","We are currently living in the twenty-first century.","我們目前正生活在 21 世紀。"
"281","cereal","n.","穀物、麥片、麥片粥","I usually have a bowl of cereal with milk for breakfast.","我早餐通常吃一碗麥片加牛奶。"
"282","certain","adj.","確定的、某個、某些","Are you absolutely certain that the library is open today?","你百分之百確定圖書館今天有開門嗎？"
"283","certainly","adv.","無疑地、確實、當然","I will certainly come to your graduation ceremony.","我一定（確實）會去參加你的畢業典禮。"
"284","chair","n./v.","椅子；主持會議","Please take a seat on that comfortable chair.","請在那張舒適的椅子上坐下。"
"285","chairman","n.","主席、董事長、會長","The chairman started the meeting with a warm welcome.","主席以熱烈的歡迎拉開了會議的序幕。"
"286","chalk","n./v.","粉筆；用粉筆寫","The teacher used white chalk to write on the blackboard.","老師用白粉筆在黑板上寫字。"
"287","chance","n.","機會、機運","This is a great chance for you to practice your English.","這是一個讓你練習英文的絕佳機會。"
"288","change","n./v.","零錢、改變；改變、更換","You need to change your wet clothes before you catch a cold.","在你感冒之前，你需要更換你濕透的衣服。"
"289","channel","n.","頻道、海峽、管道","Please turn the TV to channel 5 to watch the news.","請將電視轉到第 5 頻道以觀看新聞。"
"290","chapter","n.","章節","The last chapter of this book is very exciting.","這本書的最後一個章節非常令人興奮。"
"291","character","n.","性格、角色、漢字/字母","He is a man of good character and always helps others.","他是一個性格很好且總是幫助別人的人。"
"292","charge","n./v.","費用、責任、控訴；收費、充電、指控","There is no extra charge for delivery if you buy online.","如果您在網上購買，不需要支付額外的運費。"
"293","chart","n./v.","圖表、航海圖；繪製圖表","The sales chart shows that our business is growing well.","銷售圖表顯示我們的生意發展得很好。"
"294","chase","n./v.","追逐、追捕、驅逐","The puppy loves to chase birds in the garden.","小狗喜歡在花園裡追逐鳥類。"
"295","cheap","adj.","便宜的、廉價的","These fresh apples are very cheap at the market today.","這些新鮮蘋果今天在市場上非常便宜。"
"296","cheat","v.","作弊、欺騙","It is wrong to cheat on exams or games.","在考試或遊戲中作弊是不對的。"
"297","check","n./v.","支票、檢查、買單；檢查、控制","Please check your answers carefully before submitting the test.","交卷前請仔細檢查你的答案。"
"298","cheer","n./v.","歡呼、喝采、高興；振奮、慶祝","The crowd began to cheer when their team scored a goal.","當他們的隊伍得分時，群眾開始歡呼。"
"299","cheese","n.","起司、乾酪","I ordered a delicious ham and cheese sandwich.","我點了一份美味的火腿起司三明治。"
"300","chemical","n./adj.","化學製品、化學藥品；化學的","Some cleaning products contain strong chemicals.","一些清潔產品含有強烈的化學物質。"
"301","chess","n.","西洋棋","My grandfather taught me how to play chess when I was young.","我祖父在我小的時候教我怎麼下西洋棋。"
"302","club","n./v.","俱樂部、社團；聯合、募集","She joined the English club to improve her speaking skills.","她加入了英文社團以提升她的口說能力。"
"303","coach","n./v.","教練、長途巴士、車廂；指導","The soccer coach yelled instructions to the players on the field.","足球教練向球場上的球員們大聲喊出指令。"
"304","coast","n.","海岸、沿海地區","We took a relaxing walk along the beautiful Pacific coast.","我們沿著美麗的太平洋海岸輕鬆地散步。"
"305","cockroach","n.","蟑螂","She screamed when she suddenly saw a big cockroach on the wall.","當她突然看到牆上有一隻大蟑螂時，她尖叫了。"
"306","coffee","n.","咖啡","He usually drinks a cup of black coffee without sugar every morning.","他通常每天早上喝一杯不加糖的黑咖啡。"
"307","coin","n./v.","硬幣；鑄造、創造（新詞）","I found a ten-dollar coin under the living room sofa.","我在客廳沙發下面找到了一枚十元硬幣。"
"308","coke","n.","可樂","Would you like to have some ice-cold coke with your pizza?","你吃披薩時想喝點冰鎮可樂嗎？"
"309","cold","adj./n.","寒冷的、冷淡的；感冒、寒冷","Remember to wear a heavy jacket because it is very cold outside.","記得穿一件厚外套，因為外面非常冷。"
"310","collect","v.","收集、採集、收費","My brother loves to collect rare postage stamps from different countries.","我弟弟喜歡收集來自不同國家的稀有郵票。"
"311","collection","n.","收藏品、收集","The museum has an amazing collection of ancient oil paintings.","這家博物館擁有令人驚嘆的古代油畫收藏。"
"312","college","n.","大學、學院","She plans to study business management when she goes to college.","她計畫上大學時學習企業管理。"
"313","color","n./v.","顏色；著色","Blue is my favorite color because it reminds me of the sea.","藍色是我最喜歡的顏色，因為它讓我想起大海。"
"314","colorful","adj.","五彩繽紛的、多采多姿的","The garden is filled with beautiful and colorful autumn flowers.","花園裡開滿了美麗且五彩繽紛的秋季花朵。"
"315","comb","n./v.","梳子；梳頭髮","She used a plastic comb to tidy up her long hair.","她用一把塑膠梳子整理她的長髮。"
"316","come","v.","來、來到、變成","Please come to my office when you are free this afternoon.","今天下午你有空時請來我的辦公室。"
"317","comic","adj./n.","連環漫畫、喜劇的；漫畫書","The little boy enjoys reading funny Japanese comic books after school.","這個小男孩放學後喜歡看搞笑的日本漫畫書。"
"318","command","n./v.","命令、指揮、掌握","The army soldiers must follow the captain's clear command.","陸軍士兵們必須服從船長（上尉）清晰的命令。"
"319","comment","n./v.","評論、意見；發表評論","He decided not to make any comment on the political news.","他決定不對那則政治新聞發表任何評論。"
"320","common","adj./n.","常見的、普遍的、共同的；共同點","Cold and flu are very common health problems during the winter.","感冒和流感是冬季非常常見的健康問題。"
"321","company","n.","公司、陪伴、同伴","My father works for a major international technology company.","我父親在一家大型國際科技公司工作。"
"322","compare","n./v.","比較、對照","If you compare these two mobile phones, this one has a better camera.","如果你比較這兩款手機，這款的相機更好。"
"323","complain","v.","抱怨、發牢騷","They always complain about the bad service in that restaurant.","他們總是抱怨那家餐廳的糟糕服務。"
"324","complete","v./adj.","完成；完全的、完整的","You must complete the registration form before next Friday.","您必須在下週五之前填好（完成）這張註冊表格。"
"325","computer","n.","電腦","Most of the employees use a desktop computer to complete their work.","大多數員工使用桌上型電腦來完成他們的工作。"
"326","concern","n./v.","關心、關切的事、關係；使關心、與...有關","The heavy pollution in the city caused great concern among citizens.","城市裡嚴重的污染引起了市民們的極大關注。"
"327","confident","adj.","有信心的、自信的","She feels confident that she will pass the English proficiency test.","她很有信心自己能通過這次的英文檢定考試。"
"328","confirm","v.","確認、證實","Please call the hotel to confirm your room reservation tonight.","請打電話給飯店以確認您今晚的房間預訂。"
"329","conflict","n./v.","衝突、矛盾、爭執","The two neighboring countries resolved their conflict through peace talks.","這兩個鄰國透過和平談判解決了他們的衝突。"
"330","consider","v.","考慮、認為","You should carefully consider his advice before making a final decision.","在做出最終決定之前，你應該仔細考慮他的建議。"
"331","contact","n./v.","接觸、聯絡","You can contact me by phone or email if you have any questions.","如果你有任何問題，可以透過電話或電子郵件聯絡我。"
"332","contain","v.","包含、容納","This bottle of fresh juice does not contain any added sugar.","這瓶鮮果汁不包含任何添加糖。"
"333","continue","v.","繼續","Although it started to rain, they decided to continue their soccer game.","雖然開始下雨了，他們還是決定繼續他們的足球比賽。"
"334","contract","n./v.","契約、合約；收縮","Please read all the terms carefully before signing the contract.","在簽訂合約之前，請仔細閱讀所有條款。"
"335","control","n./v.","控制、操縱","The pilot managed to keep control of the plane during the storm.","飛行員在暴風雨中成功保持了對飛機的控制。"
"336","convenient","adj.","方便的","Living near a subway station makes traveling very convenient.","住在地鐵站附近讓出行變得非常方便。"
"337","conversation","n.","對話、交談","I had an interesting conversation with a traveler from England yesterday.","我昨天和一位來自英國的旅客進行了一次有趣的對話。"
"338","cook","n./v.","廚師；烹調、煮","My father is an excellent cook and often makes dinner for us.","我父親是一位出色的廚師，經常為我們做晚餐。"
"339","cookie","n.","餅乾","Grandma baked a batch of delicious chocolate chip cookies.","奶奶烤了一批美味的巧克力豆餅乾。"
"340","cool","adj./v.","涼爽的、酷的；使冷卻","The weather becomes cool and pleasant when autumn arrives.","當秋天到來時，天氣變得涼爽而宜人。"
"341","copy","n./v.","副本、複製品；複印、抄襲","Could you please make a copy of this document for the meeting?","可以請你為會議複印一份這份文件嗎？"
"342","corn","n.","玉米","We roasted some sweet corn over the campfire last night.","我們昨晚在營火上烤了一些甜玉米。"
"343","corner","n./v.","角落、轉角；逼入絕境","There is a small coffee shop at the corner of the street.","街道轉角處有一家小咖啡館。"
"344","correct","adj./v.","正確的；改正、糾正","Please check if you have written the correct answer on the sheet.","請檢查您是否在答案卷上寫了正確的答案。"
"345","cost","n./v.","費用、代價；花費、值","The cost of repairing the old car was higher than buying a new one.","修理這輛舊車的費用比買一輛新車還要高。"
"346","cotton","n.","棉花、棉織品","This T-shirt is made of 100% natural cotton and feels very soft.","這件 T 恤是由 100% 天然棉製成的，感覺非常柔軟。"
"347","couch","n.","沙發","After a long day of work, he fell asleep on the living room couch.","經過一整天的工作，他在客廳的沙發上睡著了。"
"348","cough","n./v.","咳嗽","She has a bad cough, so she needs to see a doctor today.","她咳嗽得很厲害，所以她今天需要去看醫生。"
"349","could","v.","能夠、可以（can的過去式）","When I was five years old, I could already ride a bicycle without help.","當我五歲的時候，我就可以在沒有幫助的情況下騎腳踏車了。"
"350","count","n./v.","計算、數數","The little girl learned to count from one to ten in English.","那個小女孩學會了用英文從一數到十。"
"351","country","n./adj.","國家、鄉下；鄉下的","Taiwan is a beautiful country with many high mountains and friendly people.","台灣是一個美麗的國家，有許多高山和友善的人民。"
"352","countryside","n.","鄉間、郊外","They moved from the crowded city to the peaceful countryside.","他們從擁擠的城市搬到了寧靜的鄉間。"
"353","county","n.","縣、郡","Yilan County is famous for its beautiful scenery and hot springs.","宜蘭縣以其美麗的風景 and 溫泉而聞名。"
"354","couple","n./v.","一對、夫妻、幾個；連結","A young couple is walking hand in hand along the beach.","一對年輕夫妻正手牽手沿著海灘散步。"
"355","courage","n.","勇氣","It takes a lot of courage to speak in front of a large audience.","在大群觀眾面前演講需要很大的勇氣。"
"356","course","n.","課程、路線、一道菜","He is taking an online course to learn how to design websites.","他正在修一門線上課程來學習如何設計網站。"
"357","court","n./v.","法庭、球場；追求","The players are warming up on the basketball court before the game.","球員們在比賽前正在籃球場上進行熱身。"
"358","cousin","n.","堂表兄弟姊妹","My cousin from Canada is coming to visit us this winter vacation.","我來自加拿大的表哥今年寒假要來拜訪我們。"
"359","cover","n./v.","封面、掩護；覆蓋、遮蓋","Snow will cover the top of the mountain during the winter.","冬天時，雪會覆蓋山頂。"
"360","cow","n.","母牛、乳牛","We saw a herd of cows eating grass on the green hill.","我們看到一群乳牛在綠色的山丘上吃草。"
"361","crab","n./v.","螃蟹；抱怨、捕蟹","We ordered a delicious seafood platter with fresh crab and shrimp.","我們點了一盤有新鮮螃蟹和蝦子的美味海鮮拼盤。"
"362","crayon","n./v.","蠟筆；用蠟筆畫","The kindergarten children are drawing a rainbow with colorful crayons.","幼稚園的小朋友們正在用五彩繽紛的蠟筆畫彩虹。"
"363","crazy","adj.","瘋狂的、著迷的","You must be crazy to go outside in such a terrible terrible storm.","在這麼可怕的暴風雨中外出，你一定是瘋了。"
"364","cream","n.","奶油、乳脂、乳膏","Would you like some fresh cream on top of your apple pie?","你希望在你的蘋果派上加一些鮮奶油嗎？"
"365","create","v.","創造、發明、引起","The young artist wants to create a unique painting for the exhibition.","這位年輕的藝術家想為展覽創作（創造）一幅獨特的畫作。"
"366","crime","n.","犯罪、罪行","The police are working hard to reduce crime in the local neighborhood.","警方正努力減少當地社區的犯罪行為。"
"367","crisis","n.","危機、轉折點","The government is trying to find a solution to the economic crisis.","政府正試圖尋找解決經濟危機的方法。"
"368","chicken","n.","雞肉、雞","We had delicious fried chicken and French fries for lunch today.","我們今天午餐吃了美味的炸雞和薯條。"
"369","chief","n./adj.","首領、長官；主要的、首要的","The chief engineer explained the new project to the whole team.","總（主要）工程師向整個團隊解釋了這個新項目。"
"370","child","n.","小孩、兒童","Every child in this school is encouraged to play a musical instrument.","這所學校的每個孩子都被鼓勵去學習一種樂器。"
"371","childhood","n.","童年時期","He spent most of his happy childhood playing in the countryside.","他快樂童年的大部分時間都是在鄉間玩耍度過的。"
"372","childish","adj.","幼稚的、孩子氣的","Stopping talking to your friend over a small mistake is quite childish.","因為一個小錯誤就不跟你的朋友說話，這是相當幼稚的。"
"373","childlike","adj.","天真的、像純真孩子的","She has a charming and childlike innocence that everyone loves.","她有一種每個人都喜歡的、迷人且純真的孩子般天真。"
"374","chin","n.","下巴","He rubbed his chin thoughtfully while solving the difficult puzzle.","在解這個難題時，他若有所思地揉了揉下巴。"
"375","China","n.","中國","Beijing is the capital and a historical cultural center of China.","北京是中國的首都和歷史文化中心。"
"376","Chinese","adj./n.","中國的、中文的；中文、中國人","Learning to write Chinese characters takes a lot of time and practice.","學習寫中文字（漢字）需要花費大量的時間和練習。"
"377","chocolate","n.","巧克力","She bought a box of premium dark chocolate for her mother's birthday.","她買了一盒高級黑巧克力送給媽媽當生日禮物。"
"378","choice","n.","選擇、挑選","You made an excellent choice by deciding to study abroad.","你決定出國留學是一個絕佳的選擇。"
"379","choose","v.","選擇、挑選","It was hard for him to choose between the two attractive job offers.","對他來說，在兩個都很吸引人的工作機會之間做出選擇是很困難的。"
"380","chopsticks","n.","筷子","Many international tourists find it difficult to use chopsticks at first.","許多國際遊客一開始都覺得用筷子很困難。"
"381","Christmas","n.","聖誕節","Families usually gather together to exchange gifts on Christmas Day.","家人通常會在聖誕節當天聚集在一起交換禮物。"
"382","chubby","adj.","圓胖的、豐滿的","The baby has cute and chubby cheeks that everyone wants to pinch.","這寶寶有一雙每個人都想捏一下的可愛圓滾滾臉頰。"
"383","church","n.","教堂、教會","They go to the local church every Sunday morning to pray.","他們每個星期天早上都會去當地的教堂祈禱。"
"384","circle","n./v.","圓圈、社交圈；圈出、環繞","Please draw a perfect circle on the paper with a pencil.","請用鉛筆在紙上畫一個完美的圓圈。"
"385","citizen","n.","公民、市民","As a responsible citizen, you should obey all the traffic laws.","作為一名負責任的公民，你應該遵守所有的交通法規。"
"386","city","n.","城市、都市","Taipei is a bustling city with a very convenient public transit system.","台北是一個擁有非常便利的大眾運輸系統的繁華城市。"
"387","claim","n./v.","要求、主張、聲稱","He claimed that he found the lost wallet on the street.","他聲稱他在街上找到了那只遺失的皮夾。"
"388","clap","v.","拍手、鼓掌","The audience began to clap loudly at the end of the concert.","音樂會結束時，觀眾們開始大聲鼓掌。"
"389","class","n.","班級、課堂、階級","Our English class starts at nine o'clock sharp every morning.","我們的英文課每天早上九點整準時開始。"
"390","classic","adj./n.","經典的、優秀的；名著、經典作品","That old black-and-white movie is considered a classic of cinema.","那部老舊的黑白電影被認為是電影界的一部經典之作。"
"391","classical","adj.","古典的、傳統的","She enjoys listening to classical music while studying.","她喜歡在讀書時聽古典音樂。"
"392","classmate","n.","同學","My classmate helped me explain the difficult math problem.","我的同學幫我解釋了那道很難的數學題。"
"393","clean","adj./v.","乾淨的；清理、打掃","Please clean your bedroom before the guests arrive.","請在客人到達之前把你的臥室打掃乾淨。"
"394","clear","adj./v.","清楚的、晴朗的；清除、澄清","The sky is very clear tonight, so we can see many stars.","今晚的天空非常晴朗，所以我們可以看到很多星星。"
"395","clerk","n.","店員、辦事員、職員","The hotel clerk handed the room key to the guests.","飯店接待人員（職員）將房間鑰匙交給了客人。"
"396","clever","adj.","聰明的、伶俐的","The clever dog can fetch the newspaper for its owner.","那隻聰明的狗會幫主人把報紙拿過來。"
"397","climate","n.","氣候","Taiwan has a warm and humid climate during the summer.","台灣在夏天擁有溫暖且潮濕的氣候。"
"398","climb","v./n.","爬、攀登","They plan to climb Mount Fuji during their vacation in Japan.","他們計畫在去日本度假期間攀登富士山。"
"399","clock","n.","時鐘","The large clock on the wall says it is already midnight.","牆上的大時鐘顯示現在已經是午夜了。"
"400","close","v./adj.","關閉；接近的、親密的","Please close the window because the wind is blowing hard.","因為風刮得很厲害，請把窗戶關上。"
"401","closet","n.","衣櫥、壁櫥","She hung her beautiful new dress in the bedroom closet.","她把她漂亮的新洋裝掛在臥室的衣櫥裡。"
"402","clothes","n.","衣服、服裝","Remember to pack some warm clothes for the mountain trip.","記得為這次的山區旅行準備一些保暖的衣服。"
"403","cloudy","adj.","多雲的、陰天的","It is cloudy today, so we might not see the sunset.","今天多雲，所以我們可能看不到日落。"
"404","cross","n./v./adj.","十字路口、十字架；跨越；生氣的","You must look both ways before you cross the busy street.","在你跨越繁忙的馬路之前，必須先看清左右兩邊。"
"405","crowd","n./v.","人群、群眾；擠滿、聚集","A large crowd gathered in the square to watch the fireworks.","一大群人聚集在廣場上觀看煙火。"
"406","crowded","adj.","擁擠的","The night market is always very crowded on Friday evenings.","夜市在星期五晚上總是特別擁擠。"
"407","cruel","adj.","殘忍的、殘酷的","It is cruel to leave pets outside in the freezing winter.","在寒冬中把寵物留在外面是很殘忍的。"
"408","cry","v./n.","哭泣、大喊","The little baby started to cry because he was hungry.","那個小嬰兒因為肚子餓開始哭泣了。"
"409","culture","n.","文化","Visiting historical museums is a great way to learn about local culture.","參觀歷史博物館是了解當地文化的好方法。"
"410","cup","n./v.","杯子","He ordered a cup of hot green tea after finishing his meal.","他在吃完飯後點了一杯熱綠茶。"
"411","cure","n./v.","治療、治癒、藥物","Scientists are trying to find a new medicine to cure this illness.","科學家們正試圖尋找一種新藥來治癒這種疾病。"
"412","curious","adj.","好奇的","Children are always curious about how things work around them.","孩子們總是對周遭事物是如何運作的感到好奇。"
"413","current","n./adj.","水流、氣流；當前的、現行的","The current weather conditions are perfect for a picnic.","當前的天氣狀況非常適合去野餐。"
"414","curtain","n./v.","窗簾、帷幕","She pulled open the heavy curtains to let the morning sunlight in.","她拉開厚重的窗簾，讓早晨的陽光照進來。"
"415","curve","n./v.","曲線、彎曲；使彎曲","Drivers should slow down when approaching a sharp curve on the road.","駕駛人在接近道路上的急轉彎（曲線）時應該減速。"
"416","custom","n.","習俗、風俗、海關","It is a local custom to shake hands when meeting someone new.","見到新朋友時握手是當地的習俗。"
"417","customer","n.","顧客、客戶","The friendly waiter always smiles and greets every customer.","那位友善的服務生總是微笑著迎接每一位顧客。"
"418","cut","n./v.","切、割、剪、傷口","Use a sharp knife to cut the birthday cake into eight pieces.","用一把鋒利的刀把生日蛋糕切成八塊。"
"419","cute","adj.","可愛的","My sister bought a very cute teddy bear at the toy store.","我妹妹在玩具店買了一隻非常可愛的泰迪熊。"
"420","dad","n.","爸爸","My dad teaches me how to fix my bicycle on weekends.","我爸爸週末時會教我如何修理腳踏車。"
"421","daily","adj./adv./n.","每日的、日常的；每日地；日報","Reading the daily news helps you understand what is happening in the world.","閱讀每日新聞能幫助你了解世界上正在發生什麼事。"
"422","damage","n./v.","損害、損失；損壞、破壞","The heavy storm caused severe damage to many houses near the coast.","強烈的暴風雨對沿海地區的許多房屋造成了嚴重的損害。"
"423","dance","n./v.","舞蹈、舞會；跳舞","The children love to dance to the cheerful music in the classroom.","孩子們喜歡在教室裡隨著歡快的音樂跳舞。"
"424","danger","n.","危險、危險物","The warning sign on the wall says 'Danger! Keep Out.'","牆上的警告標誌寫著「危險！請勿靠近」。"
"425","dangerous","adj.","危險的","It is dangerous to swim in the river without a professional lifeguard.","在沒有專業救生員的情況下在河裡游泳是很危險的。"
"426","dark","adj./n.","黑暗的、深色的；黑暗、暗處","She is afraid of the dark, so she always leaves a small light on at night.","她怕黑，所以晚上總是留著一盞小燈。"
"427","data","n.","資料、數據","The marketing team spent the whole morning collecting customer data.","行銷團隊花了整個上午的時間收集顧客資料。"
"428","date","n./v.","日期、約會；約會、註明日期","Please write down the correct date and time on your application form.","請在您的申請表上寫下正確的日期和時間。"
"429","daughter","n.","女兒","They are very proud of their daughter because she is an excellent student.","他們為自己的女兒感到無比自豪，因為她是一名優秀的學生。"
"430","dawn","n./v.","黎明、破曉；開始明白","The birds started singing sweetly outside my window at dawn.","黎明時分，鳥兒開始在我的窗外甜美地歌唱。"
"431","day","n.","一天、白天","We spent a wonderful day visiting the ancient temples in Kyoto.","我們度過了美好的一天，參觀了京都的古老寺廟。"
"432","dead","adj.","死去的、枯萎的、無效的","I forgot to water the flowers on the balcony, and now they are dead.","我忘了給陽台上的花澆水，現在它們都枯死了。"
"433","deaf","adj.","聾的、聽不進去的","He uses sign language to communicate because he has been deaf since birth.","他用手語進行交流，因為他從出生起就耳聾。"
"434","deal","n./v.","交易、數量；處理、經營、分配","The manager knows exactly how to deal with angry customers politely.","經理完全知道如何禮貌地處理生氣的顧客。"
"435","dear","adj./n./int.","親愛的、珍貴的；親愛的人；天哪","The letter started with 'Dear Friend' and ended with a warm greeting.","信的開頭是「親愛的朋友」，結尾則是溫暖的問候。"
"436","death","n.","死亡、毀滅","The sad news of the actor's death shocked fans all over the world.","那位演員去世（死亡）的悲傷消息震驚了全世界的粉絲。"
"437","debate","n./v.","辯論、討論","The students had a lively debate about the pros and cons of using smartphones.","學生們針對使用智慧型手機的優缺點進行了一場熱烈的辯論。"
"438","debt","n.","債務、欠款","He worked part-time during college to pay off his student debt.","他在大學期間兼職工作以還清他的學生貸款（債務）。"
"439","December","n.","十二月","Christmas is celebrated on the twenty-fifth of December every year.","聖誕節在每年的十二月二十五日慶祝。"
"440","decide","v.","決定、決心","It is hard for me to decide which course to take next semester.","我很難決定下學期要修哪一門課程。"
"441","decision","n.","決定、決心、果斷","After analyzing all the data, the board finally made a final decision.","在分析了所有數據之後，董事會終於做出了最終決定。"
"442","decorate","v.","裝飾、布置","The children used colorful lights and ribbons to decorate the classroom.","孩子們用五彩繽紛的燈飾和緞帶向來裝飾教室。"
"443","decrease","n./v.","減少、降低","The company hopes to decrease its electricity costs by using solar energy.","該公司希望透過使用太陽能來減少其電力成本。"
"444","deep","adj./adv.","深的、深奧的；深深地","The ocean is very deep here, so you must be careful when diving.","這裡的海洋非常深，所以潛水時必須特別小心。"
"445","deer","n.","鹿","We took a picture of a beautiful deer standing quietly in the forest.","我們拍下了一隻靜靜站在森林裡的美麗鹿隻。"
"446","degree","n.","學位、度數、程度","The temperature dropped to five degrees Celsius during the winter night.","冬天的夜晚，溫度下降到了攝氏五度。"
"447","delay","n./v.","延誤、延期","Our flight to Tokyo was delayed for two hours because of the heavy snow.","由於大雪，我們飛往東京的航班延誤了兩個小時。"
"448","delicious","adj.","美味可口的","My mom made a delicious apple pie for dessert after dinner last night.","我媽媽昨晚晚飯後做了一款美味的蘋果派當甜點。"
"449","deliver","v.","傳遞、傳送、發表（演講）","The mail carrier delivers letters to our house around ten every morning.","郵差每天早上十點左右會把信件送到我們家。"
"450","democracy","n.","民主、民主國家","Freedom of speech is a fundamental principle in a modern democracy.","言論自由是現代民主制度中的一項基本原則。"
"451","democratic","adj.","民主的","The country held a democratic election to choose its new leader.","該國舉行了民主選舉來選出他們的新領袖。"
"452","dentist","n.","牙醫","You should visit the dentist twice a year to check your teeth.","你應該每年看兩次牙醫以檢查牙齒。"
"453","deny","v.","否認、拒絕","The boy denied breaking the window, but his face turned red.","那個男孩否認打破窗戶，但他的臉變紅了。"
"454","department","n.","部門、科系","She works in the marketing department of a large clothing company.","她在一家大型服裝公司的行銷部門工作。"
"455","depend","v.","依靠、依賴、視...而定","Whether we go on a picnic tomorrow will depend on the weather.","我們明天是否去野餐將取決於天氣。"
"456","describe","v.","描述、描寫","Can you describe what the missing backpack looks like?","你能描述一下那個遺失的背包長什麼樣子嗎？"
"457","desert","n./v.","沙漠；遺棄","It rarely rains in the desert, so very few plants can grow there.","沙漠裡很少下雨，所以那裡很少有植物能生長。"
"458","design","n./v.","設計、圖樣","An architect was hired to design the new modern library.","一位建築師被聘來設計這座新的現代圖書館。"
"459","desire","n./v.","渴望、慾望","She has a strong desire to travel around the world and see new cultures.","她有著周遊世界、體驗新文化的強烈渴望。"
"460","desk","n.","書桌","He kept his notebooks and pens neatly organized on his desk.","他把筆記本和筆整齊地收納在書桌上。"
"461","dessert","n.","甜點","We had chocolate ice cream for dessert after a wonderful meal.","在一頓美妙的正餐後，我們吃了巧克力冰淇淋當甜點。"
"462","determine","v.","決定、下定決心","The police are trying to determine the exact cause of the car accident.","警方正試圖確定這起車禍的確切原因。"
"463","develop","v.","發展、開發、沖洗照片","Regular exercise can help you develop strong muscles and stay healthy.","規律運動可以幫助你發育強健肌肉並保持健康。"
"464","dial","n./v.","轉盤；撥號","Please dial the emergency number nine-one-one if you need immediate help.","如果您需要立即協助，請撥打緊急電話 911。"
"465","diamond","n.","鑽石、菱形","The beautiful diamond ring sparkled brightly under the lights.","那枚美麗的鑽石戒指在燈光下閃閃發光。"
"466","diary","n.","日記","She keeps a private diary to record her thoughts and daily life.","她寫私密日記來記錄她的想法和日常生活。"
"467","dictionary","n.","字典","If you don't know the meaning of this word, look it up in the dictionary.","如果你不知道這個單字的意思，可以在字典裡查一下。"
"468","die","v.","死亡","The old plants will die if they do not get enough sunlight and water.","如果沒有得到足夠的陽光和水，這些老植物就會枯死。"
"469","diet","n./v.","日常飲食；節食","Eating a balanced diet with plenty of vegetables is good for your health.","飲食均衡且多吃蔬菜對你的健康有益。"
"470","difference","n.","差別、差異","Can you spot the difference between these two pictures?","你能找出這兩幅畫之間的差異嗎？"
"471","different","adj.","不同的","The twin brothers have very different personalities and hobbies.","這對雙胞胎兄弟有著非常不同的個性和嗜好。"
"472","difficult","adj.","困難的","The math exam was so difficult that many students couldn't finish it.","數學考試太困難了，以至於許多學生都無法寫完。"
"473","difficulty","n.","困難、費勁","He had great difficulty finding a parking space in the crowded downtown.","他在擁擠的市中心好不容易（有很大的困難）才找到停車位。"
"474","dig","v.","挖、掘","The dog loves to dig holes in the backyard to hide its bones.","這隻狗喜歡在後院挖洞來藏它的骨頭。"
"475","diligent","adj.","勤奮的、用功的","A diligent student usually reviews lessons carefully before every test.","勤奮的學生通常會在每次考試前仔細複習功課。"
"476","dinner","n.","晚餐、正餐","The whole family gathered around the table to enjoy a delicious dinner.","全家人聚集在桌子旁享受美味的晚餐。"
"477","dinosaur","n.","恐龍","Children are fascinated by the massive dinosaur fossils in the museum.","孩子們對博物館裡巨大的恐龍化石感到著迷。"
"478","diplomat","n.","外交官","As a diplomat, he travels frequently to maintain good relations between nations.","作為一名外交官，他經常出差以維持國家間的良好關係。"
"479","direct","adj./adv./v.","直接的；直接地；指導、導向","There is a direct flight from Taipei to Los Angeles every day.","每天都有從台北直飛洛杉磯的航班。"
"480","direction","n.","方向、指示","The tourists asked for directions to the nearest train station.","遊客們詢問前往最近火車站的方向。"
"481","director","n.","導演、主管、董事","The famous director spent three years filming this wonderful movie.","這位著名的導演花了三年的時間拍攝這部精彩的電影。"
"482","dirty","adj.","髒的","Your shoes are very dirty after playing soccer in the mud.","在泥地裡踢完足球後，你的鞋子非常髒。"
"483","disappear","v.","消失、失蹤","The sun began to disappear behind the dark clouds as it rained.","下雨時，太陽開始消失在烏雲背後。"
"484","discover","v.","發現","Scientists discovered a new species of colorful birds in the rainforest.","科學家們在雨林中發現了一種新的五彩繽紛的鳥類。"
"485","discuss","v.","討論","Our group will meet tomorrow afternoon to discuss the history project.","我們小組明天下午將會面，討論這個歷史專題。"
"486","discussion","n.","討論","After a long discussion, the team finally decided on the best plan.","經過長時間的討論，團隊最終決定了最佳方案。"
"487","dish","n./v.","盤子、一盤菜；盛於盤中","My mother made a special seafood dish for my birthday dinner.","我媽媽為我的生日晚餐做了一道特別的海鮮菜餚。"
"488","dishonest","adj.","不誠實的","It is dishonest to copy someone else's answers during an exam.","在考試期間抄襲別人的答案是不誠實的。"
"489","distance","n./v.","距離、遠處；疏遠","The distance between my house and the train station is about two kilometers.","我家到火車站的距離大約是兩公里。"
"490","divide","n./v.","分歧；劃分、分開、除以","The teacher asked us to divide the cake into four equal pieces.","老師要求我們把蛋糕切成（平分）四等份。"
"491","division","n.","分開、劃分、除法、部門","She works in the sales division of a major electronics company.","她在一家大型電子公司的銷售部門工作。"
"492","dizzy","adj.","頭暈的","I felt a bit dizzy after spinning around too fast on the playground.","在操場上旋轉得太快後，我感到有點頭暈。"
"493","do","v.","做、執行、助動詞","Remember to do your homework before you watch television tonight.","今晚看電視之前，記得要做你的功課。"
"494","doctor","n.","醫生、博士","The doctor advised him to rest at home and drink plenty of water.","醫生建議他留在家裡休息並多喝水。"
"495","document","n.","文件、公文","Please sign your name at the bottom of this official document.","請在這份正式文件的底部簽上您的名字。"
"496","dog","n./v.","狗；尾隨、緊跟","The friendly dog wagged its tail when it saw its owner.","那隻友善的狗看到主人時搖了搖尾巴。"
"497","doll","n./v.","洋娃娃、玩偶；打扮漂亮","My little sister loves to play with her collection of Barbie dolls.","我妹妹喜歡玩她收藏的芭比娃娃。"
"498","dollar","n.","元（美金等貨幣單位）","The sandwich and a cup of tea cost me exactly five dollars.","這份三明治和一杯茶總共花了我剛好五美元。"
"499","dolphin","n.","海豚","We were lucky to see a group of dolphins jumping out of the ocean.","我們很幸運地看到一群海豚從小海裡跳出來。"
"500","donkey","n.","驢子","The farmer used a donkey to carry the heavy bags of vegetables.","農夫用一隻驢子來馱那幾大袋沉重的蔬菜。"
"501","door","n.","門","Please don't forget to lock the front door when you leave.","離開時請不要忘記鎖上大門（前門）。"
"502","dot","n./v.","點、圓點；點綴、打點","The lady wore a stylish blue dress with small white dots.","那位女士穿了一件帶有白色小圓點的時尚藍色洋裝。"
"503","double","adj./adv./v.","雙倍的；雙倍地；使加倍","A double room at the hotel has two comfortable big beds.","飯店的雙人房有兩張舒適的大床。"
"504","Double Tenth Day","ph.","雙十節","People gather in front of the Presidential Office to celebrate Double Tenth Day.","人們聚集在總統府前慶祝雙十節。"
"505","doubt","n./v.","懷疑、疑問","There is no doubt that she is the best piano player in our school.","毫無疑問，她是我們學校最棒的鋼琴家。"
"506","doughnut","n.","甜甜圈","He bought a chocolate doughnut and a cup of milk for breakfast.","他買了一個巧克力甜甜圈和一杯牛奶當早餐。"
"507","down","adv./prep.","向下、在下方","The children ran joyfully down the hill to catch the ball.","孩子們開心地跑下山丘去接球。"
"508","downstairs","adj./adv.","樓下的；在樓下","Our living room is downstairs, but all the bedrooms are upstairs.","我們的客廳在樓下，但所有的臥室都在樓上。"
"509","downtown","n./adj./adv.","市中心、商業區；市中心的；在市中心","They took the subway to go shopping at a large department store downtown.","他們搭地鐵去市中心的一家大型百貨公司購物。"
"510","dozen","n.","一打（十二個）、許多","My mother bought a dozen fresh eggs from the supermarket yesterday.","我媽媽昨天從超市買了一打新鮮雞蛋。"
"511","Dr.","n.","醫生、博士（Doctor的縮寫）","Dr. Wang is a very kind pediatrician who loves helping children.","王醫生是一位非常仁慈、喜歡幫助兒童的小兒科醫生。"
"512","dragon","n.","龍","The dragon is a powerful and mythical creature in many Asian stories.","在許多亞洲故事中，龍是一種強大且神祕的生物。"
"513","drama","n.","戲劇、劇本、校園劇","She decided to join the school drama club to practice her acting skills.","她決定加入學校的戲劇社以練習她的演技。"
"514","draw","v./n.","畫、拉、吸引；平手","He likes to draw beautiful landscapes with colored pencils in his free time.","他有空時喜歡用彩色鉛筆畫美麗的風景畫。"
"515","drawer","n.","抽屜","I found my missing passport hidden inside the bottom drawer of the desk.","我在書桌最底層的抽屜裡找到了我遺失的護照。"
"516","dream","n./v.","夢、夢想；做夢","My biggest dream is to build a successful software company in the future.","我最大的夢想是未來建立一家成功的軟體公司。"
"517","dress","n./v.","洋裝、禮服；穿衣、打扮","She wore a beautiful pink dress to her best friend's wedding party.","她穿了一件美麗的粉紅色洋裝去參加她最好朋友的婚禮派對。"
"518","dresser","n.","化妝台、矮櫃","There is a large mirror hanging right above the wooden dresser in the bedroom.","臥室的木製化妝台正上方掛著一面大鏡子。"
"519","drink","v./n.","喝、飲用；飲料","You should drink at least eight glasses of water every day to stay healthy.","你應該每天至少喝八杯水以保持健康。"
"520","drive","v./n.","駕駛、驅使；車程","My uncle promised to teach me how to drive a car next summer vacation.","我舅舅答應明年暑假要教我怎麼開車。"
"521","driver","n.","司機、駕駛員","The bus driver greeted every passenger warmly as they got on the bus.","公車司機在每位乘客上車時都熱情地向他們打招呼。"
"522","drop","v./n.","掉落、丟下、放棄；滴","Be careful not to drop that fragile glass vase on the hard floor.","小心別把那個易碎的玻璃花瓶掉在堅硬的地板上。"
"523","drug","n./v.","藥物、毒品；使服麻醉藥","The doctor explained how to use this medical drug safely to the patient.","醫生向病人解釋了如何安全地使用這種醫療藥物。"
"524","drugstore","n.","藥妝店、藥局","I need to go to the nearby drugstore to buy some cold medicine and vitamins.","我需要去附近的藥局買一些感冒藥和維他命。"
"525","dry","adj./v.","乾燥的、乾旱的；弄乾、擦乾","The laundry dried quickly outside because it was a windy and sunny day.","因為今天是個有風又晴朗的日子，衣服在外面很快就曬乾了。"
"526","dryer","n.","烘乾機、吹風機","She used a hair dryer to dry her long hair quickly after taking a shower.","她洗完澡後用吹風機迅速將長髮吹乾。"
"527","duck","n./v.","鴨子；快速低頭躲避","A family of ducks is swimming peacefully in the middle of the school pond.","一群鴨子正在學校池塘中央平靜地游泳。"
"528","dumb","adj.","啞的、說不出話的、愚蠢的","She stood dumb with surprise when she heard the unexpected good news.","當她聽到那則出乎意料的好消息時，她驚訝得說不出話來。"
"529","dumpling","n.","水餃、點心","Eating boiled pork dumplings during the Lunar New Year brings good luck.","在農曆新年吃豬肉水餃會帶來好運。"
"530","during","prep.","在...期間","Many tourists love to visit Japan during the beautiful cherry blossom season.","許多遊客喜歡在美麗的櫻花季期間造訪日本。"
"531","duty","n.","責任、義務、職責、關稅","It is the police officer's primary duty to protect all the citizens.","保護所有公民是警察的首要職責。"
"532","each","adj./pron./adv.","每個、各自的；每個；各自地","The teacher gave a piece of delicious chocolate cake to each student.","老師給每個學生一塊美味的巧克力蛋糕。"
"533","eagle","n.","老鷹","We watched a majestic eagle soaring high above the mountain peaks.","我們看著一隻雄壯的老鷹在山峰高空上翱翔。"
"534","ear","n.","耳朵、聽覺","He put on his new noise-canceling headphones over his ears.","他把新買的抗噪耳機戴在耳朵上。"
"535","early","adj./adv.","早期的、早的；早地","If you wake up early in the morning, you can catch the first train.","如果你早上早點起床，你就能趕上第一班火車。"
"536","earn","v.","賺取、贏得、獲得","He worked part-time as a waiter to earn some extra pocket money.","他兼職當服務生以賺取一些額外的零用錢。"
"537","earth","n.","地球、土地、泥土","The Earth takes exactly three hundred and sixty-five days to travel around the sun.","地球繞太陽公轉一圈剛好需要三百六十五天。"
"538","east","n./adj./adv.","東方；東方的；向東地","The sun rises in the east and sets in the west every single day.","太陽每天從東方升起，從西方落下。"
"539","Easter","n.","復活節","Children love to hunt for hidden colorful chocolate eggs on Easter Sunday.","孩子們喜歡在復活節星期天尋找隱藏的五彩巧克力蛋。"
"540","eastern","adj.","東方的、東部的","Hualien is located in the eastern part of Taiwan and has beautiful beaches.","花蓮位於台灣的東部，擁有美麗的海灘。"
"541","easy","adj.","容易的、輕鬆的","The English quiz was so easy that everyone in our class got a perfect score.","英文小考太容易了，我們班每個人都拿了滿分。"
"542","eat","v.","吃","We decided to eat dinner at a traditional Italian restaurant tonight.","我們決定今晚在一家傳統的義大利餐廳吃晚餐。"
"543","edge","n./v.","邊緣、優勢；緩慢移動","Don't put your glass mug too close to the edge of the dining table.","不要把你的玻璃馬克杯放得太靠近餐桌邊緣。"
"544","education","n.","教育","Getting a good college education can open up many great career opportunities.","接受良好的大學教育可以開啟許多極佳的職涯機會。"
"545","effect","n.","效果、影響、結果","The cooling effect of the air conditioner made the room very comfortable.","冷氣的製冷效果讓整個房間變得非常舒適。"
"546","effective","adj.","有效的","Using flashcards is an effective way to memorize new vocabulary words.","使用字卡是背誦新單字的一種有效方法。"
"547","effort","n.","努力、精力","She put a lot of effort into preparing for her final piano performance.","她投入了大量的努力來準備她的期末鋼琴演奏。"
"548","egg","n.","雞蛋、卵","My brother usually boils two fresh eggs for his healthy breakfast.","我哥哥通常會煮兩個新鮮雞蛋當作他的健康早餐。"
"549","eight","n./adj.","八；八的","Our school library usually opens at eight o'clock every morning.","我們學校的圖書館通常在每天早上八點整開門。"
"550","eighteen","n./adj.","十八；十八的","In many countries, you can legally drive a car when you turn eighteen.","在許多國家，當你滿十八歲時就可以合法開車。"
"551","eighty","n./adj.","八十；八十的","My great-grandmother is eighty years old but she still walks every day."," my 太祖母今年八十歲了，但她每天仍然堅持散步。"
"552","either","adj./pron./adv.","任一的；任一個；也（用於否定句）","You can choose either the chocolate cake or the fruit salad for dessert.","甜點你可以選擇巧克力蛋糕或水果沙拉的任一個。"
"553","elder","adj./n.","年長的、長輩的；長者、長輩","We should show great respect to the elders in our local community.","我們應該對當地社區的長輩們展現出極大的尊重。"
"554","elect","v./adj.","選舉、推選；選定的","The club members will meet tonight to elect a new student president.","社團成員今晚將會面，選出一位新的學生社長。"
"555","election","n.","選舉","The presidential election takes place every four years in this country.","這個國家的總統選舉每四年舉行一次。"
"556","electric","adj.","電的、電動的","He bought an electric bicycle to commute to his office more easily.","他買了一輛電動腳踏車，以便更輕鬆地通勤到辦公室。"
"557","element","n.","元素、成分、要素","Honesty is a crucial element of building a strong and lasting friendship.","誠實是建立一段堅固且持久友誼的重要元素（要素）。"
"558","elephant","n.","大象","We saw a massive African elephant spraying water with its long trunk.","我們看到一隻巨大的非洲大象用牠的長鼻子噴水。"
"559","eleven","n./adj.","十一；十一的","There are exactly eleven soccer players on the field for each team.","每支球隊在球場上剛好有十一名的足球隊員。"
"560","else","adv.","其他、否則","Would you like to order anything else, or is that everything for today?","您還想點其他什麼東西嗎？還是今天就先這樣？"
"561","e-mail","n./v.","電子郵件；發電子郵件","Please send me an e-mail if you need to change the meeting schedule.","如果您需要更改會議行程，請給我發一封電子郵件。"
"562","embarrass","v.","使尷尬、使難堪","It will embarrass him if you talk about his mistake in front of everyone.","如果你在大家面前談論他的錯誤，會讓他感到很尷尬。"
"563","emotion","n.","情感、情緒","The dramatic movie was so sad that it brought out strong emotions in people.","那部戲劇性的電影太悲傷了，引發了人們強烈的情感。"
"564","emphasize","v.","強調","The school teacher always emphasizes the importance of regular review.","學校老師總是強調規律複習的重要性。"
"565","employ","v.","雇用、利用","The large technology company plans to employ fifty new software developers.","這家大型科技公司計畫雇用五十名新的軟體開發人員。"
"566","empty","adj./v.","空的、空虛的；倒空、使變空","The glass bottle was completely empty, so I went to refill it with water.","這個玻璃瓶完全是空的，所以我去重新裝滿水。"
"567","encourage","v.","鼓勵、激勵","My parents always encourage me to try new activities and hobbies.","我父母總是鼓勵我去嘗試新的活動和嗜好。"
"568","end","n./v.","結束、目標、盡頭；結束、終止","The exciting movie had a very surprising end that no one expected.","這部刺激的電影有一個沒人預料到的、非常令人驚訝的結局（結束）。"
"569","enemy","n.","敵人","In the science fiction story, the soldiers fought bravely against the alien enemy.","在科幻故事中，士兵們勇敢地與外星敵人作戰。"
"570","energy","n.","能量、精力、活力","Children always seem to have plenty of energy to play around all day.","孩子們似乎整天都有滿滿的精力到處玩耍。"
"571","engine","n.","引擎、發動機","The mechanic is checking the sports car's engine to see why it makes a strange noise.","技工正在檢查這部跑車的引擎，看看它為什麼會發出怪聲。"
"572","engineer","n./v.","工程師；設計、策劃","My brother works as a software engineer at a famous technology company.","我哥哥在一家著名的科技公司擔任軟體工程師。"
"573","England","n.","英格蘭、英國","London is the capital city of England and attracts millions of tourists every year.","倫敦是英格蘭的首都，每年吸引數百萬名遊客。"
"574","English","adj./n.","英國的、英語的；英語、英國人","Learning English helps people communicate with others from different countries.","學習英語有助於人們與來自不同國家的人進行溝通。"
"575","Englishman","n.","英國人（男子）","The polite Englishman ordered a cup of traditional black tea with milk.","那位有禮貌的英國男子點了一杯傳統的奶茶（加牛奶的紅茶）。"
"576","enjoy","v.","享受、喜歡","We really enjoy watching the beautiful sunset at the beach during summer.","夏天時我們非常享受在海灘觀賞美麗的落日。"
"577","enough","adj./adv./n.","足夠的；足夠地；足夠","There is enough food and fruit in the refrigerator for everyone tonight.","今晚冰箱裡有足夠的食物和水果供每個人享用。"
"578","enter","v.","進入、參加","Please knock on the door gently before you enter the principal's office.","在進入校長辦公室之前，請先輕輕敲門。"
"579","entire","adj.","整個的、完全的","The hungry little boy ate the entire pizza by himself after school.","那個肚子餓的小男孩放學後自己吃掉了整個披薩。"
"580","entrance","n.","入口、門口","We agreed to meet our friends at the main entrance of the department store.","我們約好和朋友們在百貨公司的正門入口處見面。"
"581","envelope","n.","信封","She put the handwritten thank-you card inside a colorful pink envelope.","她把手寫的感謝卡放進一個粉紅色的彩色信封裡。"
"582","environment","n.","環境","We should reduce plastic waste to protect our natural environment.","我們應該減少塑膠垃圾以保護我們的自然環境。"
"583","envy","n./v.","羨慕、嫉妒","Many of her classmates envy her ability to play the violin so beautifully.","她的許多同學都羨慕她能把小提琴拉得這麼好（美麗）。"
"584","equal","adj./n./v.","相等的、平等的；對手；等於","Two plus three equals five, which is a simple mathematical question.","二加三等於五，這是一個簡單的數學問題。"
"585","eraser","n.","橡皮擦、黑板擦","Can I borrow your rubber eraser for a moment to fix my drawing mistake?","我可以借用一下你的橡皮擦，來修正我畫畫時的錯誤嗎？"
"586","error","n.","錯誤、失誤","The computer program stopped working suddenly because of a system error.","電腦程式因為系統錯誤而突然停止運作。"
"587","especially","adv.","特別是、尤其是","I love outdoor activities, especially hiking in the mountains on weekends.","我喜歡戶外活動，尤其是週末去山裡健行。"
"588","Europe","n.","歐洲","They plan to visit several historical countries in Europe next spring.","他們計畫明年春天造訪歐洲的幾個歷史國家。"
"589","European","n./adj.","歐洲人；歐洲的","French, Italian, and German are well-known European languages.","法語、義大利語和德語都是眾所皆知的歐洲語言。"
"590","eve","n.","前夕（尤指節日前夜）","Our family always gathers to eat a big dinner on Chinese New Year's Eve.","我們家總是在除夕（農曆新年夜）聚集在一起吃一頓大餐。"
"591","even","adv.","甚至、連","The puzzle was so difficult that even the teacher couldn't solve it quickly.","這個謎題太難了，甚至連老師都無法快速解開。"
"592","evening","n.","傍晚、晚上","He likes to take a peaceful walk in the park during a cool autumn evening.","他喜歡在涼爽的秋夜裡在公園裡平靜地散步。"
"593","event","n.","事件、活動、比賽項目","The school sports day is an exciting annual event for all the students.","學校運動會對所有學生來說都是一項令人興奮的年度盛事（活動）。"
"594","ever","adv.","曾經、無論何時","Have you ever traveled to another country by yourself before?","你以前曾經自己一個人去另一個國家旅遊過嗎？"
"595","every","adj.","每個的、每隔...的","The public bus passes by our neighborhood station every fifteen minutes.","公車每隔十五分鐘就會經過我們社區的車站。"
"596","everybody","pron.","每個人","Everybody in the classroom stood up and clapped when the performance ended.","表演結束時，教室裡的每個人都站起來鼓掌。"
"597","everyone","pron.","每個人","The teacher smiled and wished everyone a wonderful and safe summer vacation.","老師微笑著祝每個人都有一個美好且安全的暑假。"
"598","everything","pron.","每件事、一切","Don't worry too much because everything will be fine in the end.","不要太擔心，因為一切最終都會好起來的。"
"599","everywhere","adv.","到處、處處","In the spring, beautiful and colorful flowers can be seen everywhere.","春天時，到處都可以看到美麗且色彩斑斕的花朵。"
"600","evil","adj./n.","邪惡的；邪惡、罪惡","In many classic stories, good always triumphs over the forces of evil.","在許多經典故事中，正義總是戰勝邪惡的力量。"
"601","exact","adj.","確切的、精確的","Could you please tell me the exact time when the train will arrive?","可以請您告訴我火車將會抵達的確切時間嗎？"
"602","exam","n.","考試（examination的縮寫）","She studied very hard last night to prepare for the final math exam.","她昨晚非常努力讀書，為了準備期末數學考試。"
"603","examine","v.","檢查、診察、調查","The dentist carefully examined my teeth to check for any cavities.","牙醫仔細地檢查了我的牙齒，看看有沒有任何蛀牙。"
"604","example","n.","例子、榜樣","Our teacher gave us a clear example to explain the difficult grammar rule.","我們老師舉了一個清晰的例子來解釋這個困難的文法規則。"
"605","excellent","adj.","優秀的、極好的","The hotel we stayed at provided excellent service and delicious breakfast.","我們入住的飯店提供了極好的服務和美味的早餐。"
"606","except","prep.","除了...之外","The museum is open every day except Monday for regular maintenance.","該博物館除了星期一因例行維護不開放外，每天都開放。"
"607","excite","v.","使興奮、使激動","The good news about the upcoming school trip excited all the students.","關於即將到來的校外教學的好消息，讓所有的學生都很興奮。"
"608","excited","adj.","感到興奮的","The children were very excited when they saw the first snowfall of winter.","當孩子們看到冬天的第一場雪時，他們感到非常興奮。"
"609","exciting","adj.","令人興奮的、刺激的","We watched a very exciting basketball game on television last night.","我們昨晚在電視上觀看了一場非常令人興奮的籃球比賽。"
"610","excuse","n./v.","藉口、理由；原諒、寬恕","He made a poor excuse for being late to the important business meeting.","他為自己參加重要商務會議遲到找了一個很爛的藉口。"
"611","exercise","n./v.","運動、練習、習題；運動、鍛鍊","Doing regular exercise like jogging can keep you healthy and strong.","做規律的運動（例如慢跑）可以保持身體健康與強壯。"
"612","exist","v.","存在","Some children believe that fairies and magic still exist in the world.","有些孩子相信世界上仍然存在著仙子與魔法。"
"613","exit","n./v.","出口、安全門；出去、離開","In case of an emergency, please walk calmly toward the nearest fire exit.","如果發生緊急情況，請冷靜地走向最近的防火出口。"
"614","expect","v.","期待、預期、期盼","The weather report says we can expect a heavy rain shower this afternoon.","天氣預報說我們今天下午可以預期會有一場大雨。"
"615","expensive","adj.","昂貴的","The diamond ring in the jewelry store window is too expensive for me.","珠寶店櫥窗裡的那枚鑽石戒指對我來說太昂貴了。"
"616","experience","n./v.","經驗、經歷；體驗、經歷","Working at the summer camp was a wonderful experience for the students.","在夏令營工作對學生們來說是一次美妙的經驗。"
"617","expert","n./adj.","專家；熟練的、專家的","He is a computer expert who can fix any technical problem easily.","他是一位電腦專家，可以輕鬆修理任何技術問題。"
"618","explain","v.","解釋、說明","Can you explain how to solve this difficult math question step by step?","你能一步一步解釋如何解答這道困難的數學題嗎？"
"619","export","n./v.","出口、輸出品；出口、輸出","Taiwan is well-known for the export of high-quality electronic products.","台灣以出口高品質的電子產品而聞名。"
"620","express","v./adj./n.","表達、表示；快遞的、快速的；快遞","It is sometimes difficult for shy people to express their true feelings.","對害羞的人來說，有時候很難表達他們真實的感受。"
"621","extra","adj./adv./n.","額外的、外加的；特別地；額外收費的事物","The hotel charged us an extra fee for using the high-speed swimming pool.","飯店因為我們使用高速游泳池而向我們收取了額外的費用。"
"622","eye","n.","眼睛","You should rest your eyes after looking at the computer screen for an hour.","看電腦螢幕一個小時後，你應該讓眼睛休息一下。"
"623","face","n./v.","臉、面孔；面對、面向","She always faces difficult challenges with a big smile on her face.","她的臉上總是帶著燦爛的笑容來面對艱難的挑戰。"
"624","fact","n.","事實、真相","It is a known fact that the Earth rotates on its axis once every day.","地球每天繞著自己的軸心自轉圈是一個已知的事實。"
"625","factory","n.","工廠","My uncle owns a small shoe factory that produces thousands of boots.","我舅舅擁有一家生產數千雙靴子的小型鞋子工廠。"
"626","fail","v./n.","失敗、不及格、未能；不及格","He was sad because he failed to pass the driving test for the second time.","他很傷心，因為他第二次未能通過駕照考試。"
"627","failure","n.","失敗、失敗的人或事","Failure is not the opposite of success; it is a part of the learning journey.","失敗並不是成功的反面，它是學習旅程的一部分。"
"628","fair","adj./n.","公平的、美好的；市集、展覽會","The teacher always makes sure that every student gets a fair chance.","老師總是確保每個學生都能獲得公平的機會。"
"629","fall","v./n.","落下、跌倒、秋天（美式）；落下、秋季","The colorful leaves fall from the trees and cover the ground in autumn.","秋天時，五彩斑斕的葉子從樹上落下，鋪滿了地面。"
"630","false","adj.","虛假的、錯誤的、不真實的","Please write T for true statements and F for false statements on the quiz.","請在小考上將正確的敘述寫 T，錯誤的敘述寫 F。"
"631","family","n.","家庭、家人","My family usually gets together for a big dinner on the weekends.","我的家人通常會在週末聚在一起享用豐盛的晚餐。"
"632","famous","adj.","著名的","The famous singer will perform a live concert in the city stadium tonight.","那位著名的歌手今晚將在城市體育館舉辦現場音樂會。"
"633","fan","n.","迷、粉絲；風扇","She is a big fan of this band and has collected all their albums.","她是這個樂團的超級粉絲，並收集了他們所有的專輯。"
"634","fancy","adj./v./n.","昂貴的、精緻的；想要、迷戀；愛好","He bought a fancy watch to wear for his sister's wedding party.","他買了一支精緻的（昂貴的）手錶，準備在姐姐的婚禮上佩戴。"
"635","fantastic","adj.","極好的、幻想的","We had a fantastic time exploring the beautiful island during our vacation.","我們在假期中探索那座美麗島嶼時，度過了一段極好的時光。"
"636","far","adj./adv.","遠的；遠地","It is not very far from my house to the nearest public library.","從我家到最近的公共圖書館並不遠。"
"637","farm","n./v.","農場；務農、耕作","Many students visited the organic farm to learn how vegetables are grown.","許多學生參觀了那座有機農場，以學習蔬菜是如何種植的。"
"638","farmer","n.","農夫","The farmer works very hard in his fields from early morning until sunset.","那位農夫從清晨到日落都在田裡辛勤地工作。"
"639","fashionable","adj.","流行的、時尚的","She always wears the most fashionable clothes to keep up with the latest trends.","她總是穿著最流行的衣服，以跟上最新的潮流。"
"640","fast","adj./adv.","快的、迅速的；快地","The express train is much faster than the local train for long-distance travel.","對於長途旅行來說，直達車比區間車快得多。"
"641","fat","adj./n.","胖的、肥胖的；脂肪","Eating too much junk food can lead to health problems like gaining too much fat.","吃太多的垃圾食物可能會導致健康問題，像是增加過多的脂肪。"
"642","father","n.","父親","My father taught me how to ride a bicycle when I was just five years old.","我父親在我五歲時就教我如何騎腳踏車。"
"643","faucet","n.","水龍頭","Please make sure to turn off the faucet tightly after you wash your hands.","洗完手後，請務必把水龍頭關緊。"
"644","fault","n.","錯誤、缺點、責任","It was my fault that I forgot to bring the map for our hiking trip.","我忘了帶健行之旅的地圖，那是我的錯（責任）。"
"645","favor","n./v.","幫助、好意；偏愛","Could you do me a favor and help me carry these heavy boxes?","你能幫我一個忙，幫我搬這些沉重的箱子嗎？"
"646","favorite","adj.","最喜愛的","Spaghetti with tomato sauce is my favorite dish at this Italian restaurant.","番茄醬義大利麵是我在這家義大利餐廳裡最喜愛的菜餚。"
"647","fear","n./v.","恐懼、害怕","Many people have a natural fear of spiders, even if they are small.","許多人對蜘蛛有與生俱來的恐懼，即使牠們很小。"
"648","February","n.","二月","Valentine's Day is a romantic festival celebrated every year on February 14th.","情人節是每年二月十四日慶祝的浪漫節日。"
"649","fee","n.","費用、服務費","The school charges a small fee for joining the after-school music club.","學校對參加課後音樂社團收取少許費用。"
"650","feed","v./n.","餵食、飼養；飼料","We go to the park every Sunday to feed the cute ducks in the pond.","我們每個星期天都去公園餵池塘裡可愛的鴨子。"
"651","feel","v.","感覺、覺得","I feel much better after taking a long nap and drinking some warm water.","小睡片刻並喝了一些溫開水後，我感覺好多了。"
"652","feeling","n.","感覺、情緒","She had a strange feeling that something unexpected was going to happen.","她有一種奇怪的感覺，覺得有些出乎意料的事情即將發生。"
"653","fellow","n.","傢伙、夥伴、同事","He is a helpful fellow who is always ready to assist anyone in trouble.","他是個樂於助人的傢伙，總是準備好幫助任何有困難的人。"
"654","fence","n.","柵欄、圍牆","The cat jumped over the wooden fence and disappeared into the garden.","那隻貓跳過木製柵欄，消失在花園裡。"
"655","festival","n.","節日、慶典","The Lantern Festival is a traditional event celebrated on the 15th day of the Lunar New Year.","元宵節是農曆新年第十五天慶祝的傳統活動。"
"656","fever","n.","發燒","He had a high fever last night, so he stayed in bed to get some rest.","他昨晚發高燒，所以待在床上休息。"
"657","few","adj.","很少的、些許的","I have only a few close friends who I can share all my secrets with.","我只有幾個可以分享我所有祕密的知心好友。"
"658","field","n.","原野、田地、領域","The green field is full of beautiful wildflowers during the early spring.","早春時，這片綠色的原野上開滿了美麗的野花。"
"659","fifteen","n./adj.","十五；十五的","He spent fifteen minutes reading the daily newspaper before leaving for work.","他在去上班之前花了十五分鐘讀報紙。"
"660","fifty","n./adj.","五十；五十的","There are fifty stars on the American flag, representing the fifty states.","美國國旗上有五十顆星星，代表五十個州。"
"661","fight","n./v.","打架、戰鬥；打架、爭吵","The two brothers stopped their fight after their mother came into the room.","那兩個兄弟在母親走進房間後，停止了他們的打架。"
"662","figure","n./v.","數字、外型、人物；計算、認為","The report includes several charts and figures to show the company's growth.","這份報告包含了數張圖表和數字，以顯示公司的成長。"
"663","fill","v.","填滿、充滿","Could you please fill this glass with cold water for me?","可以請你幫我把這個杯子裝滿冷水嗎？"
"664","film","n./v.","電影、膠捲；拍攝","This classic film tells a moving story about a dog and its owner.","這部經典電影講述了一個關於狗與其主人的感人故事。"
"665","final","adj.","最後的、最終的","Students are very nervous because the final exam is coming next week.","學生們感到非常緊張，因為期末考下週就要到了。"
"666","finally","adv.","終於、最後","After waiting for two hours, the bus finally arrived at the station.","在等了兩小時之後，公車終於抵達了車站。"
"667","find","v.","找到、發現","I was happy to find my lost key under the kitchen table.","我很開心在廚房餐桌下找到了我遺失的鑰匙。"
"668","fine","adj./n.","好的、健康的；罰款","The weather is fine today, so we decided to go for a picnic in the park.","今天天氣很好，所以我們決定去公園野餐。"
"669","finger","n./v.","手指；用手指觸摸","She pointed her finger at the map to show us the way to the hotel.","她用手指著地圖，為我們指出前往飯店的路。"
"670","finish","v./n.","完成、結束；終點","I need to finish my homework before I can watch my favorite TV show.","在看我最喜歡的電視節目之前，我得先完成我的家庭作業。"
"671","fire","n./v.","火、火災；解僱、開火","The camping group started a small fire to keep themselves warm at night.","露營小組生了一小堆火，好讓他們在夜裡保持溫暖。"
"672","fireman","n.","消防員","The brave fireman saved the little cat from the tall burning building.","那位勇敢的消防員從那棟高聳燃燒的大樓中救出了小貓。"
"673","first","adj./adv./n.","第一的；首先；第一名","She was the first person to arrive at the meeting room this morning.","她是今天早上第一個抵達會議室的人。"
"674","fish","n./v.","魚、魚肉；釣魚","He likes to go to the river to catch some fresh fish on the weekend.","他喜歡在週末去河邊釣一些新鮮的魚。"
"675","fisherman","n.","漁夫","The fisherman went out to sea early in the morning to catch fish.","那位漁夫清晨就出海去捕魚了。"
"676","fist","n.","拳頭","He clenched his fist in anger when he heard the unfair news.","當他聽到那則不公平的消息時，氣得握緊了拳頭。"
"677","fit","v./adj.","合適、合身；健康的","This jacket doesn't fit me anymore because I have grown taller.","這件外套不再適合我了，因為我長高了。"
"678","five","n./adj.","五；五個的","There are five members in her family, including her parents and two brothers.","她家有五個成員，包含她的父母親和兩個兄弟。"
"679","fix","v.","修理、解決","My father is trying to fix the broken computer in the study room.","我父親正在試著修理書房裡那台壞掉的電腦。"
"680","flag","n.","旗幟","The national flag was flying high above the school building in the wind.","國旗在風中高高地飄揚在學校大樓之上。"
"681","flash","n./v.","閃光、閃現；閃爍","The sudden flash of lightning scared the puppy hiding under the bed.","突然的閃電亮光嚇到了躲在床底下的幼犬。"
"682","flat","adj./n.","平坦的、洩氣的；公寓","The road is very flat, so it is easy to ride a bicycle here.","這條路很平坦，所以在這騎腳踏車很輕鬆。"
"683","flavor","n.","口味、味道","This ice cream shop offers many different flavors, such as chocolate and vanilla.","這家冰淇淋店提供了許多不同的口味，例如巧克力和香草。"
"684","flee","v.","逃離、逃跑","The birds fled the forest when they heard the loud noise of the machine.","當鳥兒們聽到機器傳出的巨大聲響時，便逃離了森林。"
"685","flight","n.","班機、飛行","Our flight was delayed for two hours because of the bad weather.","我們的班機因為惡劣的天氣延誤了兩小時。"
"686","float","v.","漂浮","The dry leaves floated on the surface of the quiet lake.","乾枯的葉子漂浮在寧靜的湖面上。"
"687","floor","n.","地板、樓層","Please help me sweep the floor before our guests arrive for dinner.","請在客人抵達吃晚餐前幫我掃地（掃地板）。"
"688","flour","n.","麵粉","You need some flour, sugar, and eggs to bake a delicious cake.","你需要一些麵粉、糖和雞蛋來烘焙一個美味的蛋糕。"
"689","flower","n.","花","She received a beautiful bunch of flowers from her friend on her birthday.","她在生日當天收到朋友送的一束美麗的花。"
"690","flu","n.","流行性感冒","He has to stay home from work because he caught a bad flu.","他必須請假在家，因為他得了嚴重的流行性感冒。"
"691","flight","n.","班機、飛行","The flight to Tokyo was delayed for two hours because of the heavy snow.","飛往東京的班機因為大雪延誤了兩小時。"
"692","floor","n.","地板、樓層","Please leave your shoes outside the door before walking on the wooden floor.","在走上木質地板前，請把鞋子留在門外。"
"693","flour","n.","麵粉","You need enough flour to make a large loaf of fresh bread.","你需要足夠的麵粉來製作一條大條的新鮮麵包。"
"694","flow","n./v.","流動、流量；流動","The river flows through the heart of the city and into the sea.","這條河流經城市中心並匯入大海。"
"695","flower","n.","花","He picked a beautiful wild flower for his mother in the field.","他在田野裡為母親採了一朵美麗的野花。"
"696","flu","n.","流行性感冒","The whole family stayed home because everyone caught the flu last week.","全家人都待在家裡，因為上週大家都得了流感。"
"697","flute","n.","長笛","She has been playing the flute in the school band for three years.","她在學校樂團吹奏長笛已經三年了。"
"698","fly","n./v.","蒼蠅；飛行、飛翔","A small fly landed on my sandwich, so I had to throw it away.","一隻小蒼蠅停在我的三明治上，所以我只好把它丟了。"
"699","focus","n./v.","焦點、中心；聚焦、專心","It is hard for me to focus on my study when there is so much noise outside.","當外面有這麼多噪音時，我很難專心唸書。"
"700","fog","n./v.","霧；使迷糊","The thick morning fog made it difficult for us to see the road clearly.","濃厚的晨霧使我們很難看清楚路況。"
"701","follow","v.","跟隨、遵守","Please follow the instructions on the manual carefully before using the machine.","在使用機器前，請仔細遵守手冊上的指示。"
"702","following","n./adj.","下一個；以下的","The following sentences are important for you to remember for the exam.","以下的句子對你來說是考試時必須記住的重點。"
"703","food","n.","食物","The restaurant serves healthy food made with fresh local ingredients.","這家餐廳提供用新鮮在地食材製作的健康食物。"
"704","fool","n./v.","笨蛋；欺騙","Don't be a fool and trust everything you see on the internet.","別當傻瓜，相信你在網路上看到的每一件事。"
"705","foolish","adj.","愚蠢的","It was foolish of him to leave his wallet on the park bench.","他把錢包忘在公園長椅上真是太愚蠢了。"
"706","foot","n./v.","腳、足部；行走","She walked on foot to the station because it was a beautiful sunny day.","因為這是一個晴朗的美麗日子，她是步行去車站的。"
"707","football","n.","足球","Our school football team won the final game by scoring three goals.","我們的學校足球隊以射進三球贏得了決賽。"
"708","for","prep./conj.","為了、給...；因為","This gift is for you, I hope you like it very much.","這份禮物是給你的，希望你非常喜歡它。"
"709","force","n./v.","力量、武力；強迫","He had to use his full force to push the heavy door open.","他必須使出全身的力量才能推開那扇沉重的門。"
"710","foreign","adj.","外國的","Learning a foreign language is a great way to understand different cultures.","學習一門外國語言是了解不同文化的絕佳方式。"
"711","foreigner","n.","外國人","The foreigner asked me for directions in English near the subway station.","那位外國人在地鐵站附近用英文向我問路。"
"712","forest","n.","森林","We went hiking in the forest to enjoy the fresh air and quiet environment.","我們去森林裡健行，享受新鮮空氣與寧靜的環境。"
"713","forget","v.","忘記","I completely forgot to turn off the lights before I left the house.","我完全忘了在出門前關燈。"
"714","forgive","v.","原諒","It is not always easy to forgive someone who has hurt your feelings.","要原諒一個傷害過你感情的人，並非總是容易的事。"
"715","fork","n./v.","叉子；分歧","Please use a fork and knife to eat your steak during the dinner.","晚餐時請使用刀叉來享用你的牛排。"
"716","form","n./v.","表格、形式；形成","Please fill out this form with your personal information to sign up for the course.","請填寫這份表格填入您的個人資訊，以註冊這門課程。"
"717","formal","adj.","正式的","They are required to wear formal clothing to attend the business party.","他們被要求穿著正式服裝以參加商務派對。"
"718","former","adj.","前任的、以前的","He is a former teacher who retired from this school ten years ago.","他是一位前任教師，十年前從這所學校退休。"
"719","forty","n./adj.","四十；四十的","There are forty students in our class, and everyone loves our music teacher.","我們班上有四十個學生，大家都非常愛我們的音樂老師。"
"720","forward","adv./adj.","向前地；向前的","The soldiers marched forward slowly as the music played in the background.","當音樂在背景中播放時，士兵們緩緩地向前行進。"
"721","formal","adj.","正式的","They are required to wear formal clothing to attend the business party.","他們被要求穿著正式服裝以參加商務派對。"
"722","former","adj.","前任的、以前的","He is a former teacher who retired from this school ten years ago.","他是一位前任教師，十年前從這所學校退休。"
"723","forty","n./adj.","四十；四十的","There are forty students in our class, and everyone loves our music teacher.","我們班上有四十個學生，大家都非常愛我們的音樂老師。"
"724","forward","adv./adj.","向前地；向前的","The soldiers marched forward slowly as the music played in the background.","當音樂在背景中播放時，士兵們緩緩地向前行進。"
"725","four","n./adj.","四；四個的","He has four brothers and two sisters living in different cities.","他有四個兄弟和兩個姐妹住在不同的城市。"
"726","fox","n.","狐狸","The clever fox escaped from the hunter by hiding in a deep hole.","那隻聰明的狐狸藉由躲進一個深洞，逃離了獵人。"
"727","France","n.","法國","She dreams of traveling to France to see the Eiffel Tower in person.","她夢想著去法國旅行，親自看看艾菲爾鐵塔。"
"728","frank","adj.","坦率的、直率的","To be frank with you, I don't think this plan will work at all.","老實說（坦率地對你說），我不認為這個計畫行得通。"
"729","free","adj./v.","免費的、自由的；釋放","The park offers free entrance for children under the age of six.","這座公園對六歲以下的兒童提供免費入園。"
"730","freedom","n.","自由","Every person in the world has the right to enjoy freedom and peace.","世界上每個人都有權利享受自由與和平。"
"731","freezer","n.","冷凍庫","Please put the ice cream in the freezer so it won't melt.","請把冰淇淋放進冷凍庫，這樣它才不會融化。"
"732","French","n./adj.","法國人、法語；法國的","He is learning to speak French because he wants to study in Paris.","他正在學習說法語，因為他想去巴黎唸書。"
"733","fresh","adj.","新鮮的","We enjoy eating fresh fruit for breakfast every single morning.","我們每天早上都喜歡吃新鮮的水果當早餐。"
"734","Friday","n.","星期五","I am always excited when Friday comes because the weekend is starting.","每當星期五到來時，我總是感到興奮，因為週末要開始了。"
"735","friend","n.","朋友","A true friend is someone who supports you even during the hardest times.","真正的朋友是即使在你最困難的時候也支持你的人。"
"736","friendly","adj.","友善的","The people in this town are very friendly and always welcome visitors.","這座城鎮的人們非常友善，並且總是歡迎遊客。"
"737","friendship","n.","友誼","They built a strong friendship after working together on many school projects.","在許多學校專案合作後，他們建立了深厚的友誼。"
"738","frighten","v.","使驚嚇","The loud thunder really frightened the baby, so she started to cry.","巨大的雷聲真的嚇到了嬰兒，所以她開始哭了。"
"739","frisbee","n.","飛盤","The children are playing with a frisbee on the green grass of the park.","孩子們正在公園的綠草地上玩飛盤。"
"740","frog","n.","青蛙","The little frog jumped into the pond as soon as it saw us coming.","那隻小青蛙一看到我們過來就跳進池塘裡了。"
"741","from","prep.","從、來自","She just received a postcard from her brother who is traveling in London.","她剛收到來自正在倫敦旅行的哥哥寄的一張明信片。"
"742","front","n./adj.","前面、前部；前面的","There is a small garden in the front of our house with many roses.","我們房子的前面有一個種滿玫瑰花的小花園。"
"743","fruit","n.","水果","Eating fresh fruit every day is good for your health.","每天吃新鮮水果對你的健康有益。"
"744","fry","v./n.","油炸、煎；薯條","My mother likes to fry some fish for dinner on special occasions.","我媽媽喜歡在特殊節日炸一些魚作為晚餐。"
"745","full","adj.","滿的、飽的","I am so full after eating such a big dinner that I cannot eat anymore.","吃了這麼豐盛的晚餐後，我太飽了，以至於我再也吃不下了。"
"746","fun","n./adj.","樂趣、玩笑；有趣的","We had so much fun playing games at the party last night.","我們昨晚在派對上玩遊戲玩得非常開心。"
"747","function","n./v.","功能、職責；運作","This machine has many different functions to help you cook food quickly.","這台機器有許多不同的功能，能協助你快速烹飪食物。"
"748","funny","adj.","有趣的、滑稽的","He told a very funny joke that made everyone in the room laugh.","他講了一個非常有趣的笑話，讓房間裡的每個人都笑了。"
"749","furniture","n.","家具","They bought some new furniture to decorate their new apartment last week.","他們上週買了一些新家具來佈置他們的新公寓。"
"750","further","adj./adv.","更遠的、進一步的","We need to have a further discussion to solve the problem completely.","我們需要進行進一步的討論，才能徹底解決這個問題。"
"751","future","n./adj.","未來；未來的","She is planning for her future and hopes to become a doctor one day.","她正在規劃她的未來，並希望有朝一日能成為一名醫生。"
"752","gain","v./n.","獲得、增加；收穫","After months of hard work, he finally gained the confidence to speak in public.","經過數個月的努力工作，他終於獲得了在公眾面前說話的自信。"
"753","game","n.","遊戲、比賽","The children are playing a board game together in the living room.","孩子們正在客廳裡一起玩桌遊。"
"754","garage","n.","車庫、修理廠","My father parked his car in the garage to keep it safe from the rain.","我父親把車停在車庫裡，好讓它免受雨淋。"
"755","garbage","n.","垃圾","Please take out the garbage before you leave for work this morning.","請在今天早上出門上班前把垃圾拿出去倒。"
"756","garden","n.","花園、菜園","They like to spend time in the garden, planting flowers and watering plants.","他們喜歡花時間在花園裡種花和澆水。"
"757","gas","n.","瓦斯、氣體","Make sure you turn off the gas after you finish cooking the meal.","確保你在煮完餐點後把瓦斯關掉。"
"758","gasoline","n.","汽油","The car stopped because it ran out of gasoline on the highway.","車子停了下來，因為它在高速公路上沒油了。"
"759","gate","n.","門、大門","The heavy iron gate of the park is locked every night at ten o'clock.","公園沉重的鐵門每天晚上十點都會鎖上。"
"760","gather","v.","聚集、蒐集","Family members gathered in the kitchen to prepare the dinner together.","家人們聚集在廚房裡一起準備晚餐。"
"761","general","adj./n.","一般的、總體的；將軍","In general, people are happy with the new policies, but there are some concerns.","大體而言，人們對新政策感到滿意，但仍有一些擔憂。"
"762","generous","adj.","慷慨的","She is a generous person who always helps those who are in need.","她是一個慷慨的人，總是幫助那些有需要的人。"
"763","genius","n.","天才","That young boy is considered a math genius because he solves hard problems quickly.","那個小男孩被認為是數學天才，因為他能快速解決難題。"
"764","gentle","adj.","溫柔的、和藹的","The teacher is very gentle with the students and never raises her voice.","老師對學生非常溫柔，從來不提高音量說話。"
"765","gentleman","n.","紳士","He is a real gentleman who always opens the door for ladies.","他是一位真正的紳士，總是為女士開門。"
"766","geography","n.","地理","Geography is one of my favorite subjects because I love learning about the world.","地理是我最喜歡的科目之一，因為我喜歡了解世界。"
"767","German","n./adj.","德國人、德語；德國的","She studied German for two years before moving to Berlin for work.","在搬去柏林工作前，她學習了兩年的德語。"
"768","Germany","n.","德國","Germany is famous for its beautiful castles and delicious beer.","德國以其美麗的城堡和美味的啤酒聞名。"
"769","gesture","n.","手勢、姿勢","She made a quick gesture with her hand to show that she was ready to go.","她用手做了一個快速的手勢，表示她準備好可以走了。"
"770","get","v.","得到、變得、到達","I usually get up at seven o'clock every morning to prepare for school.","我通常每天早上七點起床準備上學。"
"771","ghost","n.","鬼魂","The children told scary ghost stories around the campfire at night.","孩子們在夜晚營火旁講著恐怖的鬼故事。"
"772","giant","n./adj.","巨人；巨大的","A giant tree in the middle of the forest has been there for hundreds of years.","森林中央的一棵巨樹已經在那裡存在數百年了。"
"773","gift","n.","禮物、天賦","He has a special gift for painting and creates beautiful works of art.","他在繪畫方面有特殊的天賦，並創作了美麗的藝術作品。"
"774","girl","n.","女孩","The little girl is holding a red balloon and smiling at her mother.","那個小女孩手裡拿著紅氣球，對著她的母親微笑。"
"775","give","v.","給、贈送","Could you give me a hand with this heavy box, please?","可以請你幫我（給我一隻手）搬這個沉重的箱子嗎？"
"776","glad","adj.","高興的、樂意的","I am so glad to see you again after such a long time.","這麼久以後能再次見到你，我真是太高興了。"
"777","glass","n.","玻璃、玻璃杯","She accidentally dropped the glass on the floor, and it broke into pieces.","她不小心把玻璃杯掉在地板上，它碎成了碎片。"
"778","glove","n.","手套","It is very cold outside, so remember to wear your gloves before you go out.","外面很冷，所以出門前記得戴上你的手套。"
"779","glue","n./v.","膠水；黏合","I need some glue to fix the broken picture frame on my desk.","我需要一些膠水來修理我桌上那個壞掉的相框。"
"780","go","v.","去","Let's go for a walk in the park after finishing our homework.","寫完作業後，我們去公園散散步吧。"
"781","goal","n.","目標、得分","His main goal this year is to pass the English proficiency test.","他今年的主要目標是通過英檢考試。"
"782","goat","n.","山羊","The goats are grazing peacefully on the hillside.","山羊們正在山坡上平靜地吃草。"
"783","God","n.","上帝","Many people pray to God for peace and health in the world.","許多人向神祈求世界的和平與健康。"
"784","gold","n./adj.","黃金；金色的","The wedding ring is made of pure gold.","這枚婚戒是由純金製成的。"
"785","golden","adj.","金色的","The setting sun gave the clouds a beautiful golden color.","夕陽給雲朵染上了一層美麗的金黃色。"
"786","golf","n.","高爾夫球","He spends his Sunday mornings playing golf at the club.","他週日上午都在俱樂部打高爾夫球。"
"787","good","adj.","好的","She did a good job on the final presentation.","她在期末報告上表現得很棒。"
"788","good-bye","n./excl.","再見","It is hard to say good-bye to your best friends.","跟最好的朋友們說再見是很難受的。"
"789","goose","n.","鵝","A group of geese is swimming in the park pond.","一群鵝正在公園的池塘裡游泳。"
"790","grade","n./v.","等級、成績；評分","She got an excellent grade on her math test.","她在數學考試中拿到了優異的成績。"
"791","gram","n.","公克","Please measure exactly fifty grams of flour for the recipe.","請為這個食譜精確測量五十公克的麵粉。"
"792","grand","adj.","雄偉的、重要的","The hotel is located in a grand building from the nineteenth century.","這家飯店位於一棟十九世紀的雄偉建築內。"
"793","grandson","n.","孫子","The old man loves to play with his grandson in the backyard.","那位老人家喜歡在後院跟孫子一起玩。"
"794","grape","n.","葡萄","Would you like some fresh grapes for dessert?","你想要吃些新鮮葡萄當甜點嗎？"
"795","grass","n.","草","Please don't walk on the grass in the garden.","請不要在花園的草地上走動。"
"796","gray","adj./n.","灰色的；灰色","The sky turned gray before the heavy rain started.","在大雨開始前，天空變成了灰色。"
"797","great","adj.","很棒的、巨大的","We had a great time at the concert last night.","我們昨晚在演唱會上玩得很開心。"
"798","greedy","adj.","貪婪的","The greedy dog tried to take the other dog's bone.","那隻貪心的狗試圖搶走另一隻狗的骨頭。"
"799","greet","v.","問候、打招呼","She always greets her neighbors with a warm smile.","她總是帶著溫暖的笑容向鄰居打招呼。"
"800","ground","n.","地面","The children sat on the ground to eat their picnic lunch.","孩子們坐在地上吃他們的野餐午餐。"
"801","group","n.","群體、組","A group of students is studying in the library.","一群學生正在圖書館裡唸書。"
"802","grow","v.","生長、成長","The plants grow very fast in the warm spring weather.","在溫暖的春季氣候下，植物生長得非常快。"
"803","growth","n.","生長、發展","The quick growth of the company surprised everyone.","這間公司快速的發展讓每個人都感到驚訝。"
"804","guard","n./v.","警衛；守衛","The security guard watches the building at night.","那位保全警衛在夜間看守大樓。"
"805","guava","n.","芭樂","I love the taste of fresh guava with plum powder.","我愛吃加了梅粉的新鮮芭樂。"
"806","guess","v./n.","猜測","Can you guess what I bought for your birthday?","你能猜猜看我買了什麼給你當生日禮物嗎？"
"807","guest","n.","客人","We have invited some special guests to the party.","我們邀請了一些特別的客人來參加派對。"
"808","guide","n./v.","嚮導；引導","The tour guide showed us the most famous spots in the city.","導遊帶我們參觀了城市裡最著名的景點。"
"809","guitar","n.","吉他","She is learning how to play the guitar this summer.","她這個夏天正在學怎麼彈吉他。"
"810","gun","n.","槍","The police officer kept his gun in a secure holster.","警察將他的槍放在安全的槍套裡。"
"811","guy","n.","傢伙、人","That guy over there is my best friend from high school.","那邊那個傢伙是我高中的死黨。"
"812","gym","n.","健身房","She goes to the gym three times a week to stay fit.","她每週去健身房三次以保持身材。"
"813","habit","n.","習慣","It is a good habit to read a book before going to bed.","睡前閱讀是一項好習慣。"
"814","hair","n.","頭髮","She has long, curly hair that reaches her shoulders.","她留著一頭長長的捲髮，長度及肩。"
"815","haircut","n.","理髮","You look very smart with your new haircut.","你剪了新髮型後看起來很帥氣（俐落）。"
"816","half","n./adj.","一半","I ate half of the apple and saved the rest for later.","我吃了半顆蘋果，剩下的留著以後吃。"
"817","Halloween","n.","萬聖節","Children love to dress up in costumes for Halloween.","孩子們喜歡在萬聖節打扮成各種角色。"
"818","ham","n.","火腿","Would you like some ham in your sandwich?","你的三明治裡要加火腿嗎？"
"819","hamburger","n.","漢堡","He ordered a large hamburger and a cup of soda for lunch.","他午餐點了一個大漢堡和一杯汽水。"
"820","hammer","n./v.","槌子；用槌子敲","He used a hammer to fix the loose nail in the chair.","他用槌子修好了椅子上那根鬆掉的釘子。"
"821","hand","n./v.","手；交給","Please raise your hand if you have any questions.","如果有任何問題，請舉手。"
"822","handle","n./v.","柄；處理","The door handle is broken, so we cannot open it from the inside.","門把壞了，所以我們無法從裡面打開它。"
"823","handsome","adj.","英俊的","He is a handsome man with a friendly personality.","他是一位長相英俊且個性友善的男人。"
"824","hang","v.","懸掛","She hung her coat on the hanger by the door.","她把外套掛在門邊的衣架上。"
"825","hanger","n.","衣架","I need one more hanger for my new shirt.","我還需要一個衣架來掛我的新襯衫。"
"826","happen","v.","發生","No one knows exactly what happened at the party last night.","沒有人確切知道昨晚在派對上發生了什麼事。"
"827","happy","adj.","快樂的","She felt so happy to see her parents at the airport.","能在機場見到父母，她感到非常快樂。"
"828","hard","adj./adv.","困難的；努力地","Learning a new language can be hard, but it is worth it.","學習一門新語言可能很難，但這是值得的。"
"829","hardly","adv.","幾乎不","It was so dark that I could hardly see anything.","天色太暗，以至於我幾乎什麼都看不見。"
"830","hat","n.","帽子","Don't forget to wear your hat to protect yourself from the sun.","別忘了戴上帽子以防曬。"
"831","hate","v.","討厭","I hate waking up early on cold winter mornings.","我討厭在寒冷的冬日早晨早起。"
"832","have","v.","有、吃","We usually have breakfast at seven o'clock in the morning.","我們通常在早上七點吃早餐。"
"833","he","pron.","他","He is a very kind person who loves to help others.","他是一個非常善良、熱愛幫助別人的人。"
"834","head","n.","頭","He had a sharp pain in his head, so he went to see a doctor.","他頭痛得很厲害，所以去看醫生。"
"835","headache","n.","頭痛","I have a terrible headache after working in front of the computer all day.","在電腦前工作了一整天後，我頭痛得很嚴重。"
"836","health","n.","健康","Eating well and exercising regularly is the key to good health.","均衡飲食與規律運動是維持健康的關鍵。"
"837","healthy","adj.","健康的","You should eat more healthy food like fruits and vegetables.","你應該多吃水果和蔬菜等健康食物。"
"838","hear","v.","聽見","Can you hear the music coming from the next room?","你聽得見隔壁房間傳來的音樂嗎？"
"839","heart","n.","心臟、內心","She has a kind heart and is always willing to share.","她擁有一顆善良的心，總是樂於分享。"
"840","heat","n./v.","熱度；加熱","The heat from the fire kept us warm during the cold night.","火堆傳來的熱度讓我們在寒冷的夜晚保持溫暖。"
"841","heater","n.","暖氣機","It is so cold today; please turn on the heater.","今天太冷了，請打開暖氣機。"
"842","heavy","adj.","沉重的","The box is too heavy for me to carry alone.","這個箱子太重了，我一個人搬不動。"
"843","height","n.","高度","He is worried that his height will affect his basketball performance.","他很擔心他的身高會影響他的籃球表現。"
"844","helicopter","n.","直升機","We saw a helicopter flying over the city yesterday.","我們昨天看到一架直升機在城市上空飛行。"
"845","hello","excl.","哈囉","She said hello to everyone as she walked into the room.","她走進房間時向每個人打了個招呼。"
"846","help","v./n.","幫助","Could you help me with my homework?","你能幫我做功課嗎？"
"847","helpful","adj.","有幫助的","The librarian gave me some helpful advice on finding the book.","圖書館員給了我一些關於找書的實用建議。"
"848","hen","n.","母雞","The hen is sitting on her eggs in the nest.","母雞正坐在巢裡的蛋上孵蛋。"
"849","her","pron.","她的；她","I saw her walking in the park this morning.","我今天早上看到她在公園散步。"
"850","here","adv.","在這裡","I will meet you here at five o'clock.","我五點會在這邊跟你見面。"
"851","hero","n.","英雄","He is a hero because he saved a child from the fire.","他是一位英雄，因為他從火場中救出了一個小孩。"
"852","hers","pron.","她的（東西）","This pen is hers; I borrowed it from her yesterday.","這支筆是她的，我昨天從她那裡借來的。"
"853","herself","pron.","她自己","She finished the whole project by herself without any help.","她沒尋求任何幫助，獨自完成了整個專案。"
"854","hey","excl.","嘿（引起注意）","Hey, wait for me! I am coming with you.","嘿，等我一下！我也要跟你們一起去。"
"855","hi","excl.","嗨","Hi! It has been a long time since we last met.","嗨！我們上次見面已經過了很久了。"
"856","hide","v.","躲藏、隱藏","Let's play hide-and-seek; I will hide behind the tree.","我們來玩躲貓貓吧，我要躲在樹後面。"
"857","high","adj.","高的","The mountain is very high, so it is hard to climb to the top.","那座山很高，所以很難爬到山頂。"
"858","highway","n.","公路","We drove on the highway to reach our destination quickly.","我們行駛在公路上以快速抵達目的地。"
"859","hike","n./v.","健行、徒步旅行","We decided to go for a hike in the mountains on the weekend.","我們決定週末去山上健行。"
"860","hill","n.","小山丘","The small village is located at the foot of the hill.","那個小村莊位於小山丘的山腳下。"
"861","him","pron.","他（受格）","I like him because he is always very kind to me.","我喜歡他，因為他對我總是非常友善。"
"862","himself","pron.","他自己","He built the bookshelf by himself last weekend.","上週末他獨自一人組裝了那個書架。"
"863","hip","n.","臀部","She put her hands on her hips and looked at me.","她雙手插腰看著我。"
"864","hire","v.","雇用","The company decided to hire more staff to handle the busy season.","公司決定雇用更多員工來應對忙碌季節。"
"865","his","pron.","他的","Is this his umbrella or yours?","這支雨傘是他的還是你的？"
"866","history","n.","歷史","She enjoys studying history and learning about the past.","她喜歡讀歷史並學習關於過去的事。"
"867","hit","v./n.","打、擊中","He hit the ball hard, and it flew over the fence.","他用力擊球，球飛越了圍欄。"
"868","hobby","n.","愛好","My favorite hobby is reading comic books in my spare time.","我最喜歡的愛好是在閒暇時間閱讀漫畫書。"
"869","hold","v.","拿著、握著","Please hold this bag for a moment while I tie my shoes.","請幫我拿一下這個袋子，我綁個鞋帶。"
"870","holiday","n.","假日、假期","We are looking forward to our upcoming summer holiday.","我們正期待著即將到來的暑假。"
"871","home","n./adv.","家；在家","I can't wait to go home and relax after a long day at work.","經歷了漫長的一天工作後，我迫不及待想回家放鬆。"
"872","homesick","adj.","想家的","He felt homesick during his first few weeks studying in a foreign country.","他在國外留學的前幾週感到很想家。"
"873","homework","n.","家庭作業","Don't forget to finish your math homework before the class starts tomorrow.","別忘了在明天上課前完成你的數學作業。"
"874","honest","adj.","誠實的","It is always the best policy to be honest with your friends.","對你的朋友誠實永遠是最好的策略。"
"875","honesty","n.","誠實","Honesty is the most important quality in our friendship.","誠實是我們友誼中最重要的特質。"
"876","honey","n.","蜂蜜","She added a spoonful of honey to her tea to make it sweeter.","她在茶裡加了一匙蜂蜜，讓茶更甜一些。"
"877","Hong Kong","n.","香港","Many tourists from all over the world visit Hong Kong every year.","每年都有來自世界各地的觀光客造訪香港。"
"878","hop","v./n.","單腳跳、跳躍","The little rabbit hopped across the field quickly.","那隻小兔子快速地跳過了田野。"
"879","hope","v./n.","希望","I hope to see you again in the near future.","我希望在不久的將來能再次見到你。"
"880","horrible","adj.","恐怖的、糟糕的","The movie was so horrible that I had to cover my eyes.","這部電影太恐怖了，我不得不遮住眼睛。"
"881","horse","n.","馬","Riding a horse is a popular activity at this farm.","騎馬是這個農場很受歡迎的活動。"
"882","hospital","n.","醫院","He was taken to the hospital immediately after the accident.","事故發生後，他被立即送往醫院。"
"883","host","n./v.","主人、主辦人；主辦","She will host a dinner party for her colleagues this Saturday.","她將在本週六為她的同事舉辦一場晚餐派對。"
"884","hot","adj.","熱的","Be careful, the soup is very hot!","小心，這碗湯很燙！"
"885","hotel","n.","飯店","We booked a comfortable hotel room near the city center.","我們在市中心附近預訂了一間舒適的飯店房間。"
"886","hour","n.","小時","It takes about two hours to drive from here to the beach.","從這裡開車到海邊大約需要兩個小時。"
"887","house","n.","房子","They are planning to build a new house in the suburbs.","他們計畫在郊區蓋一棟新房子。"
"888","how","adv.","如何","How do you usually spend your weekend?","你週末通常都怎麼過？"
"889","however","adv.","然而","I wanted to go to the park; however, it started to rain.","我本想去公園，然而，開始下雨了。"
"890","huge","adj.","巨大的","They live in a huge house with a big swimming pool.","他們住在一棟有大游泳池的巨大房子裡。"
"891","human","n./adj.","人類；人類的","It is a human nature to want to be loved and understood.","想要被愛和被理解是人類的天性。"
"892","humble","adj.","謙虛的","He is a very humble person despite his great achievements.","儘管有偉大的成就，他依然是一個非常謙虛的人。"
"893","humid","adj.","潮濕的","The weather is very humid in the summer, making people feel sticky.","夏天天氣非常潮濕，讓人感到黏膩。"
"894","humor","n.","幽默感","He has a great sense of humor and always makes us laugh.","他很有幽默感，總是能逗我們笑。"
"895","humorous","adj.","幽默的","She told a humorous story that made the whole class burst into laughter.","她講了一個幽默的故事，讓全班哄堂大笑。"
"896","hundred","n./adj.","一百；一百的","There are over one hundred people waiting in the line.","隊伍中有超過一百人在排隊。"
"897","hunger","n.","飢餓","They worked hard to help the poor people who were suffering from hunger.","他們努力工作以幫助那些遭受飢餓之苦的窮人。"
"898","hungry","adj.","飢餓的","I was so hungry that I ate two bowls of rice.","我餓到吃了兩碗飯。"
"899","hunt","v./n.","狩獵、搜尋","In the past, people had to hunt animals for food.","在過去，人們必須為了食物而狩獵動物。"
"900","hunter","n.","獵人","The hunter followed the tracks of the deer into the forest.","獵人跟隨著鹿的蹤跡進入了森林。"
"901","hurry","v./n.","匆忙","Please hurry, or we will miss the last train.","請快一點，否則我們會錯過末班車。"
"902","hurt","v./adj.","傷害、疼痛","Be careful with the knife, or you will hurt yourself.","小心那把刀，不然你會傷到自己。"
"903","husband","n.","丈夫","My sister and her husband are going to Japan for their honeymoon.","我姊姊和她丈夫要去日本度蜜月。"
"904","I","pron.","我","I am going to visit my grandparents this weekend.","我這個週末要去拜訪我的祖父母。"
"905","ice","n.","冰","Would you like some ice in your juice?","你的果汁要加冰塊嗎？"
"906","idea","n.","點子、想法","That's a great idea! Let's do that.","那是個好點子！我們就那樣做吧。"
"907","if","conj.","如果","If it rains tomorrow, we will stay home and watch a movie.","如果明天下雨，我們會待在家裡看電影。"
"908","ignore","v.","忽視","Don't ignore his message; he really needs your help.","別忽視他的訊息，他真的很需要你的幫助。"
"909","ill","adj.","生病的","He has been ill for a week, so he cannot go to work.","他已經病了一週，所以無法去工作。"
"910","image","n.","影像、形象","The artist created a vivid image of the sunset.","那位藝術家創作出了一幅栩栩如生的夕陽影像。"
"911","imagine","v.","想像","Can you imagine living on the moon?","你能想像住在月球上嗎？"
"912","impolite","adj.","不禮貌的","It is impolite to talk while others are speaking.","別人說話時插嘴是不禮貌的。"
"913","import","v./n.","進口","This company imports high-quality coffee beans from abroad.","這家公司從國外進口高品質的咖啡豆。"
"914","importance","n.","重要性","The manager emphasized the importance of teamwork.","經理強調了團隊合作的重要性。"
"915","important","adj.","重要的","It is important to brush your teeth every day.","每天刷牙是很重要的。"
"916","impossible","adj.","不可能的","It is impossible to finish this huge task in just one day.","要在一天內完成這項巨大任務是不可能的。"
"917","improve","v.","改進、改善","You need to practice more to improve your English skills.","你需要多練習來改善你的英語技巧。"
"918","in","prep.","在...裡面","My keys are in my pocket.","我的鑰匙在我的口袋裡。"
"919","inch","n.","英吋","The screen of this tablet is ten inches wide.","這台平板電腦的螢幕寬度是十英吋。"
"920","include","v.","包含","The price of the tour includes lunch and entrance tickets.","團費包含了午餐和門票。"
"921","including","prep.","包括","There are five people in the group, including the teacher.","這組有五個人，包括老師在內。"
"922","income","n.","收入","She spends most of her monthly income on rent and food.","她將每月的大部分收入花在房租和伙食上。"
"923","increase","v./n.","增加","The number of visitors has increased significantly this year.","今年遊客的數量已經顯著增加了。"
"924","indicate","v.","顯示、指出","The red light indicates that the machine is not working.","紅燈顯示機器沒有在運作。"
"925","individual","n./adj.","個人；個別的","Every individual has the right to express their own opinions.","每個人都有權利表達自己的觀點。"
"926","industry","n.","工業、產業","The technology industry is changing very fast.","科技產業正在快速地改變。"
"927","influence","v./n.","影響","His music has a great influence on the young generation.","他的音樂對年輕一代有很大的影響。"
"928","injury","n.","傷害、傷口","He suffered a leg injury during the soccer match.","他在足球比賽中腿部受傷了。"
"929","ink","n.","墨水","The ink in my pen has run out.","我筆裡的墨水用完了。"
"930","insect","n.","昆蟲","Some insects are helpful to the environment.","有些昆蟲對環境是有益的。"
"931","inside","prep./adv.","在...裡面","It is raining outside, so please stay inside.","外面在下雨，所以請待在室內。"
"932","insist","v.","堅持","He insisted that we take a taxi instead of the bus.","他堅持我們搭計程車而不是搭公車。"
"933","inspire","v.","激勵、啟發","Her courage to overcome challenges inspired many people.","她克服挑戰的勇氣激勵了許多人。"
"934","instance","n.","例子、情況","For instance, you can use a dictionary to learn new words.","例如，你可以使用字典來學習新單字。"
"935","instrument","n.","樂器、工具","She can play several musical instruments, including the piano and flute.","她會演奏幾種樂器，包括鋼琴和長笛。"
"936","intelligent","adj.","聰明的","He is an intelligent student who always gets good grades.","他是一位總能拿到好成績的聰明學生。"
"937","interest","n./v.","興趣；使感興趣","Music has always been a great interest of mine.","音樂一直是我的一大興趣。"
"938","interested","adj.","感興趣的","Are you interested in joining our hiking club?","你有興趣加入我們的健行社嗎？"
"939","Internet","n.","網際網路","I use the Internet every day to find information for my reports.","我每天都用網路尋找報告所需的資料。"
"940","interrupt","v.","打斷","Please do not interrupt while others are talking.","別人說話時，請不要打斷。"
"941","interview","n./v.","面試、訪談","She felt nervous before her job interview.","她在面試前感到很緊張。"
"942","into","prep.","進入...裡面","The cat jumped into the box to hide.","那隻貓跳進盒子裡躲起來。"
"943","introduce","v.","介紹","Let me introduce you to my new friend, Sarah.","讓我把你介紹給我的新朋友 Sarah。"
"944","invent","v.","發明","Who invented the light bulb?","是誰發明了燈泡？"
"945","investigate","v.","調查","The police are investigating the cause of the accident.","警方正在調查那起事故的原因。"
"946","invitation","n.","邀請函","I received an invitation to their wedding next month.","我收到了他們下個月婚禮的邀請函。"
"947","invite","v.","邀請","They invited all their friends to the birthday party.","他們邀請了所有的朋友參加生日派對。"
"948","iron","n./v.","鐵；熨燙","She ironed her shirt to make it look neat before the meeting.","她在開會前燙了襯衫，好讓它看起來整潔。"
"949","is","v.","是（be 動詞）","Today is a beautiful sunny day.","今天是一個美麗的晴天。"
"950","island","n.","島嶼","We spent our vacation on a small island in the south.","我們在南部的一個小島上度過假期。"
"951","it","pron.","它","Look at that bird! It has beautiful feathers.","看那隻鳥！它有漂亮的羽毛。"
"952","item","n.","項目、條目","Please check every item on the list before you leave.","請在離開前檢查清單上的每一個項目。"
"953","its","pron.","它的","The cat is licking its paw.","那隻貓正在舔牠的爪子。"
"954","itself","pron.","它自己","The door closed by itself.","門自動關上了。"
"955","jacket","n.","外套、夾克","It's chilly today; you'd better wear a jacket.","今天有點冷，你最好穿件外套。"
"956","jam","n.","果醬、擁擠","I like to eat toast with strawberry jam for breakfast.","我喜歡早餐吃抹了草莓果醬的吐司。"
"957","January","n.","一月","January is usually the coldest month of the year in this city.","在這座城市，一月通常是一年中最冷的一個月。"
"958","Japan","n.","日本","They are planning to travel to Japan next spring.","他們計畫明年春天去日本旅遊。"
"959","Japanese","n./adj.","日本人、日語；日本的","She is studying Japanese because she loves Japanese culture.","她正在學習日語，因為她熱愛日本文化。"
"960","jazz","n.","爵士樂","He enjoys listening to jazz music while working.","他喜歡在工作時聽爵士樂。"
"961","jealous","adj.","嫉妒的","He felt jealous when he saw his friend wearing a new watch.","看到朋友戴著新手錶時，他感到很嫉妒。"
"962","jeans","n.","牛仔褲","She likes to wear blue jeans because they are comfortable and easy to match.","她喜歡穿藍色牛仔褲，因為它們舒適又容易搭配。"
"963","jeep","n.","吉普車","They drove a jeep across the rough mountain road.","他們開著吉普車穿越崎嶇的山路。"
"964","job","n.","工作","He is looking for a new job that offers better pay.","他正在尋找一份薪水更好的新工作。"
"965","jog","v.","慢跑","I usually jog in the park for thirty minutes every morning.","我通常每天早上在公園慢跑三十分鐘。"
"966","join","v.","加入、參加","Would you like to join us for dinner tonight?","你今晚要加入我們一起吃晚餐嗎？"
"967","joint","adj./n.","共同的；關節","They made a joint effort to finish the project on time.","他們共同努力在期限內完成了專案。"
"968","joke","n./v.","玩笑","He told a funny joke that made everyone in the room laugh.","他講了一個有趣的笑話，讓房間裡的每個人都笑了。"
"969","journalist","n.","記者","The journalist interviewed the famous actor for the local newspaper.","那位記者為當地報紙採訪了知名演員。"
"970","joy","n.","喜悅","It was a great joy to see my family after a long time.","能與家人久別重逢是一件非常快樂的事。"
"971","judge","n./v.","法官；評判","The judge listened to the evidence before making a final decision.","法官在做出最終決定前聆聽了證據。"
"972","juice","n.","果汁","Fresh orange juice is a healthy choice for breakfast.","新鮮柳橙汁是早餐的健康選擇。"
"973","July","n.","七月","July is usually a very hot month in Taiwan.","七月在台灣通常是一個非常熱的月份。"
"974","jump","v./n.","跳躍","The boy jumped over the fence with ease.","那個男孩輕鬆地跳過了圍欄。"
"975","June","n.","六月","We will graduate in June this year.","我們今年六月畢業。"
"976","just","adv.","僅僅、剛剛","I have just finished reading this book.","我剛剛讀完這本書。"
"977","kangaroo","n.","袋鼠","Kangaroo is a famous animal that lives in Australia.","袋鼠是生活在澳洲的一種著名動物。"
"978","keep","v.","保持、維持","Please keep the classroom clean and tidy.","請保持教室乾淨整潔。"
"979","ketchup","n.","番茄醬","Could you please pass me the ketchup for my fries?","可以請你把薯條用的番茄醬遞給我嗎？"
"980","key","n.","鑰匙、關鍵","Did you remember to take your house key before leaving?","你記得出門前要拿家裡的鑰匙嗎？"
"981","kick","v./n.","踢","He kicked the soccer ball into the goal.","他把足球踢進了球門。"
"982","kid","n.","小孩","The kids are playing happily in the sandbox.","孩子們正在沙坑裡快樂地玩耍。"
"983","kill","v.","殺死","Please be careful not to kill the plant by overwatering it.","請小心不要因為澆水過多而把植物弄死了。"
"984","kilogram","n.","公斤","This bag of rice weighs five kilograms.","這袋米重五公斤。"
"985","kilometer","n.","公里","The school is only two kilometers away from my house.","學校離我家只有兩公里。"
"986","kind","adj./n.","親切的；種類","She is a kind person who is always ready to help.","她是一位總樂於助人的親切的人。"
"987","king","n.","國王","The king lived in a large castle with his family.","國王和他的家人住在一座大城堡裡。"
"988","kingdom","n.","王國","The story is about a king who ruled a peaceful kingdom.","故事是關於一位統治和平王國的國王。"
"989","kiss","v./n.","親吻","The mother gave her son a kiss on the cheek before he left for school.","母親在兒子去上學前親吻了他的臉頰。"
"990","kitchen","n.","廚房","My mother is cooking a delicious meal in the kitchen.","我媽媽正在廚房煮一頓美味的餐點。"
"991","kite","n.","風箏","We went to the beach to fly a kite on a windy day.","我們在風大的日子去海邊放風箏。"
"992","kitten","n.","小貓","The little girl is playing with a cute kitten in the yard.","那個小女孩正在院子裡跟一隻可愛的小貓玩。"
"993","knee","n.","膝蓋","He hurt his knee when he fell down during the basketball game.","他在籃球比賽中跌倒時弄傷了膝蓋。"
"994","knife","n.","刀","Please use a sharp knife to cut the meat into small pieces.","請用一把鋒利的刀把肉切成小塊。"
"995","knock","v.","敲門","Please knock on the door before you enter the room.","進房間前請先敲門。"
"996","know","v.","知道","Do you know what time the library closes today?","你知道圖書館今天幾點關門嗎？"
"997","knowledge","n.","知識","Reading books is a good way to gain more knowledge.","閱讀書籍是獲取更多知識的好方法。"
"998","koala","n.","無尾熊","Koalas are animals that live in eucalyptus trees in Australia.","無尾熊是住在澳洲尤加利樹上的動物。"
"999","Korea","n.","韓國","They are going to travel to Korea for winter vacation.","他們打算寒假去韓國旅遊。"
"1000","Korean","n./adj.","韓國人、韓語；韓國的","She speaks Korean very well after studying it for two years.","學了兩年後，她韓語說得非常好。"
"1001","lack","v./n.","缺乏","He failed the test because of his lack of preparation.","因為缺乏準備，他考試不及格。"
"1002","lady","n.","女士","The lady at the front desk will help you check in.","櫃檯的女士會協助你辦理入住。"
"1003","lake","n.","湖泊","We went boating on the lake during our holiday.","我們在假期時去湖上划船。"
"1004","lamb","n.","羊肉、小羊","Would you like to try some roasted lamb for dinner?","晚餐要試試烤羊肉嗎？"
"1005","lamp","n.","檯燈","Please turn on the lamp so you can see better while reading.","請打開檯燈，這樣閱讀時你看得比較清楚。"
"1006","land","n./v.","土地；登陸","The plane will land at the airport in ten minutes.","飛機將在十分鐘後於機場降落。"
"1007","language","n.","語言","Learning a foreign language opens up new opportunities.","學習外語能開啟新的機會。"
"1008","lantern","n.","燈籠","Children carry beautiful lanterns during the Lantern Festival.","孩子們在元宵節時會提著漂亮的燈籠。"
"1009","large","adj.","大的","They live in a large apartment in the heart of the city.","他們住在市中心一間很大的公寓裡。"
"1010","last","adj./adv./v.","最後的；持續","This is the last day of our summer vacation.","這是我們暑假的最後一天。"
"1011","late","adj./adv.","遲到的、晚的","I'm sorry I'm late; the bus was caught in traffic.","抱歉我遲到了，公車塞在車陣中。"
"1012","later","adv.","稍後","I'll finish my homework and call you later.","我會寫完作業然後稍後打給你。"
"1013","latest","adj.","最新的","Have you seen the latest news about the concert?","你看過關於那場演唱會的最新消息了嗎？"
"1014","laugh","v./n.","笑","Everyone laughed at the funny story he told.","每個人都聽了他講的有趣故事而笑了。"
"1015","law","n.","法律","Everyone must follow the law of the country.","每個人都必須遵守國家的法律。"
"1016","lawyer","n.","律師","He decided to become a lawyer to help people in need.","他決定成為一名律師以幫助需要的人。"
"1017","lay","v.","放置、產卵","Please lay your bag on the floor while we have lunch.","我們吃午餐時請把袋子放在地板上。"
"1018","lazy","adj.","懶惰的","Don't be so lazy; you need to clean your room today.","不要那麼懶，你今天得打掃房間。"
"1019","lead","v.","引導、帶領","The guide will lead us through the forest.","嚮導會帶領我們穿越森林。"
"1020","leader","n.","領導者","A good leader always listens to the opinions of team members.","一位好的領導者總會傾聽團隊成員的意見。"
"1021","leadership","n.","領導能力","She showed great leadership during the crisis.","在危機期間，她展現了卓越的領導能力。"
"1022","leaf","n.","葉子","The leaves turn yellow and fall to the ground in autumn.","秋天時葉子變黃並落到地面上。"
"1023","learn","v.","學習","He is learning how to cook traditional dishes from his grandmother.","他正在學習如何向祖母烹飪傳統菜餚。"
"1024","least","adj./adv.","最少的","This is the least important thing we need to worry about.","這是我們最不需要擔心的事情。"
"1025","leave","v.","離開、留下","It is time for us to leave for the airport.","我們該出發去機場了。"
"1026","left","adj./n.","左邊的；左邊","Please turn left at the next traffic light.","請在下一個紅綠燈左轉。"
"1027","leg","n.","腿","She hurt her leg while running in the park.","她在公園跑步時傷到了腿。"
"1028","legal","adj.","法律的、合法的","You should seek legal advice if you have any questions.","如果你有任何問題，應該尋求法律建議。"
"1029","lemon","n.","檸檬","I like to drink hot water with a slice of lemon.","我喜歡喝加了一片檸檬的熱水。"
"1030","lend","v.","借出","Could you lend me your umbrella for a while?","你可以把雨傘借我一下嗎？"
"1031","length","n.","長度","The length of this room is about five meters.","這個房間的長度大約是五公尺。"
"1032","less","adj./adv.","更少的","Eating less sugar is good for your health.","少吃糖對你的健康有益。"
"1033","lesson","n.","課程、教訓","We learned a valuable lesson from our past mistakes.","我們從過去的錯誤中學到了寶貴的教訓。"
"1034","let","v.","讓","My parents won't let me go out late at night.","我父母不讓我晚上太晚出門。"
"1035","letter","n.","信、字母","She wrote a long letter to her friend who lives abroad.","她寫了一封長信給住在國外的朋友。"
"1036","lettuce","n.","萵苣、生菜","Fresh lettuce makes this sandwich taste much better.","新鮮的萵苣讓這個三明治吃起來美味許多。"
"1037","level","n.","水平、等級","The water level in the river rose quickly after the heavy rain.","大雨過後，河水水位迅速上升。"
"1038","library","n.","圖書館","I go to the library to study because it is quiet there.","我去圖書館唸書，因為那裡很安靜。"
"1039","lick","v.","舔","The puppy licked my hand happily.","小狗快樂地舔了我的手。"
"1040","lid","n.","蓋子","Please put the lid on the pot to keep the food warm.","請把鍋蓋蓋上，以保持食物的熱度。"
"1041","lie","v.","躺、說謊","He was so tired that he decided to lie down on the sofa.","他太累了，所以決定躺在沙發上休息。"
"1042","life","n.","生活、生命","She has lived a very interesting life.","她過著非常精彩的人生。"
"1043","lift","v./n.","舉起、電梯","Could you help me lift this heavy box?","你可以幫我舉起這個重箱子嗎？"
"1044","light","n./adj.","光、燈；輕的","The light in this room is too dim for reading.","這間房間的燈光太暗，不適合閱讀。"
"1045","lightning","n.","閃電","We saw a flash of lightning during the storm.","風暴期間我們看到了一道閃電。"
"1046","like","prep./v.","像；喜歡","It is like a dream come true to be here.","來到這裡就像美夢成真一樣。"
"1047","likely","adj.","很可能的","It is likely to rain this afternoon.","今天下午很有可能會下雨。"
"1048","limit","n./v.","限制","There is a speed limit on this road.","這條路上有速限。"
"1049","line","n.","線、排隊","Please stand in line and wait for your turn.","請排隊並等待輪到你。"
"1050","link","n./v.","連結","There is a strong link between exercise and good health.","運動與健康之間有強烈的連結。"
"1051","lion","n.","獅子","The lion is known as the king of the jungle.","獅子被稱為叢林之王。"
"1052","lip","n.","嘴唇","She put on some lipstick to make her lips look brighter.","她塗了一些口紅讓她的嘴唇看起來更亮。"
"1053","liquid","n./adj.","液體；液體的","Water is a liquid at room temperature.","水在室溫下是液體。"
"1054","list","n./v.","清單；列出","Make a list of the things you need to buy at the supermarket.","列一張你在超市需要買的東西清單。"
"1055","listen","v.","聽","Please listen carefully to the teacher's instructions.","請仔細聽老師的指示。"
"1056","liter","n.","公升","This bottle holds two liters of water.","這瓶子裝了兩公升的水。"
"1057","little","adj./adv.","小的；一點點","He is just a little boy, so please be patient with him.","他只是一個小男孩，所以請對他耐心一點。"
"1058","live","v./adj.","居住；活的","They live in a small town near the mountains.","他們住在山附近的一個小鎮。"
"1059","loaf","n.","（麵包）一條","She bought a loaf of bread from the bakery this morning.","她今天早上從麵包店買了一條麵包。"
"1060","local","adj./n.","當地的；當地人","We enjoyed eating local food during our trip.","我們在旅途中很享受吃當地的食物。"
"1061","lock","n./v.","鎖；鎖上","Did you remember to lock the door before you left?","你記得離開前有鎖門嗎？"
"1062","London","n.","倫敦","London is the capital city of the United Kingdom.","倫敦是聯合王國的首都。"
"1063","lonely","adj.","寂寞的","He felt lonely after his friends moved away.","朋友搬走後，他感到很寂寞。"
"1064","long","adj./adv.","長的；長時間","The movie was so long that I almost fell asleep.","這部電影太長了，我差點睡著。"
"1065","look","v./n.","看；樣子","She looks very happy in this photograph.","在這張照片中，她看起來很高興。"
"1066","lose","v.","失去、輸掉","Don't lose hope; things will get better soon.","不要失去希望，情況很快會好轉的。"
"1067","loser","n.","失敗者","He is a good sport; he doesn't mind being a loser in the game.","他很有運動家精神，他不介意在遊戲中成為失敗者。"
"1068","loss","n.","損失、失去","The company suffered a great loss because of the fire.","公司因為那場火災遭受了重大損失。"
"1069","lot","n.","很多","We had a lot of fun at the party yesterday.","我們昨天在派對上玩得很開心。"
"1070","loud","adj./adv.","大聲的","The music is too loud; could you turn it down?","音樂太大聲了，你可以轉小聲一點嗎？"
"1071","love","n./v.","愛","She has a great love for animals.","她非常熱愛動物。"
"1072","lovely","adj.","可愛的、迷人的","You look lovely in that red dress.","妳穿那件紅裙子看起來很迷人。"
"1073","lover","n.","愛好者、戀人","He is a great lover of classical music.","他是一位古典音樂的狂熱愛好者。"
"1074","low","adj.","低的","The price of this item is quite low compared to others.","與其他相比，這個項目的價格相當低。"
"1075","lucky","adj.","幸運的","I feel lucky to have such wonderful friends.","擁有這麼棒的朋友，我覺得很幸運。"
"1076","lunch","n.","午餐","What did you have for lunch today?","你今天午餐吃了什麼？"
"1077","ma’am","n.","女士（稱呼）","How can I help you, ma’am?","有什麼我可以幫妳的嗎，女士？"
"1078","machine","n.","機器","This machine is used to wash dishes automatically.","這台機器是用來自動洗碗的。"
"1079","mad","adj.","生氣的、瘋狂的","He was mad at his brother for breaking his toy.","他因為哥哥弄壞他的玩具而對他很生氣。"
"1080","magazine","n.","雜誌","She enjoys reading fashion magazines in her free time.","她閒暇時喜歡看時尚雜誌。"
"1081","magic","n./adj.","魔法；神奇的","The kids were amazed by the magic tricks.","孩子們對那些魔術把戲感到驚奇。"
"1082","magician","n.","魔術師","The magician pulled a rabbit out of his hat.","魔術師從帽子裡拉出了一隻兔子。"
"1083","mail","n./v.","郵件；寄信","Did you check the mail in the box today?","你今天檢查信箱裡的郵件了嗎？"
"1084","mailman","n.","郵差","The mailman delivers letters every morning.","郵差每天早上送信。"
"1085","main","adj.","主要的","The main reason for his success is hard work.","他成功的首要原因就是努力工作。"
"1086","maintain","v.","維持、保養","It is important to maintain a healthy lifestyle.","維持健康的生活方式很重要。"
"1087","major","adj./n.","主要的；主修","English is my major in university.","英語是我的大學主修。"
"1088","make","v.","製作、使得","Can you help me make a cup of coffee?","你可以幫我泡杯咖啡嗎？"
"1089","male","adj./n.","男性的；男性","The form asks you to fill in your gender: male or female.","表格要求你填寫性別：男或女。"
"1090","mall","n.","購物中心","Let's go to the mall and look for some new clothes.","我們去購物中心逛逛找點新衣服吧。"
"1091","man","n.","男人","That man standing by the bus stop is my teacher.","站在公車站牌旁的那個男人是我的老師。"
"1092","manager","n.","經理","If you have any problems, please talk to the manager.","如果你有任何問題，請與經理談談。"
"1093","Mandarin","n.","國語（普通話）","He has been learning Mandarin for two years.","他學國語已經兩年了。"
"1094","mango","n.","芒果","Taiwan is famous for its sweet and juicy mangoes.","台灣以香甜多汁的芒果聞名。"
"1095","manner","n.","方式、禮貌","It is important to have good manners when meeting new people.","結識新朋友時保持良好禮儀很重要。"
"1096","many","adj./pron.","許多","There are many books in the library.","圖書館裡有許多書。"
"1097","map","n.","地圖","We looked at the map to find our way around the city.","我們看地圖來尋找在這座城市的路徑。"
"1098","March","n.","三月","The spring festival usually happens in March.","春季慶典通常在三月舉行。"
"1099","mark","n./v.","記號；標記","Please put a mark next to your name on the list.","請在清單上的名字旁邊做個記號。"
"1100","marker","n.","麥克筆","The teacher used a red marker to correct our homework.","老師用紅色的麥克筆批改我們的作業。"
"1101","market","n.","市場","My mother buys fresh vegetables at the morning market.","我媽媽在早市買新鮮蔬菜。"
"1102","marriage","n.","婚姻","They celebrated their tenth year of marriage last week.","他們上週慶祝了結婚十週年。"
"1103","married","adj.","已婚的","She has been married for five years.","她已經結婚五年了。"
"1104","marry","v.","結婚","He hopes to marry his girlfriend soon.","他希望能很快與女朋友結婚。"
"1105","marvelous","adj.","極好的","We had a marvelous time at the concert.","我們在演唱會上度過了極棒的時光。"
"1106","mask","n.","面具、口罩","Please wear a mask when you go to the hospital.","去醫院時請戴上口罩。"
"1107","mass","n.","團塊、質量","The scientist measured the mass of the rock.","科學家測量了那塊石頭的質量。"
"1108","master","n./v.","大師、精通","He has mastered the art of playing the violin.","他已經精通了拉小提琴的藝術。"
"1109","mat","n.","墊子","She sits on a mat to do yoga every morning.","她每天早上坐在墊子上做瑜伽。"
"1110","match","n./v.","比賽；相配","They won the final match by two points.","他們以兩分之差贏得了最後的比賽。"
"1111","material","n.","材料、素材","The bridge is made of a very strong material.","這座橋是由一種非常堅固的材料製成的。"
"1112","math","n.","數學","I find math to be a challenging but interesting subject.","我覺得數學是一門具挑戰性但有趣的科目。"
"1113","matter","n./v.","物質、問題；有關係","It doesn't matter who wins; just enjoy the game.","誰贏都沒關係，只要享受比賽就好。"
"1114","maximum","adj./n.","最大值","The maximum speed limit on this highway is 110 km/h.","這條高速公路的最高速限是每小時 110 公里。"
"1115","may","aux.","可以、可能","May I use your pen for a moment?","我可以借用一下你的筆嗎？"
"1116","May","n.","五月","We are planning a picnic in May.","我們計畫在五月去野餐。"
"1117","maybe","adv.","也許","Maybe we should ask for directions to be sure.","也許我們該問路以確保方向正確。"
"1118","me","pron.","我（受格）","Can you give me a hand with this box?","你可以幫我搬這個箱子嗎？"
"1119","meal","n.","餐點","Breakfast is my favorite meal of the day.","早餐是我一天中最喜歡的一餐。"
"1120","mean","v.","意指、意思是","What does this word mean?","這個單字是什麼意思？"
"1121","meaning","n.","意義","What is the meaning of life?","生命的意義是什麼？"
"1122","means","n.","方法、手段","By all means, please come to our party.","無論如何，請一定要來參加我們的派對。"
"1123","measure","v./n.","測量；措施","Please measure the length of the table before buying a cloth.","買桌布前，請先測量桌子的長度。"
"1124","meat","n.","肉類","She prefers to eat vegetables instead of meat.","她比較喜歡吃蔬菜，而不是肉類。"
"1125","mechanic","n.","技師、機械師","The mechanic fixed my car in just one hour.","技師只花了一小時就修好了我的車。"
"1126","medicine","n.","藥物、醫學","Take this medicine three times a day after meals.","這藥一天吃三次，飯後服用。"
"1127","medium","adj./n.","中等的；媒介","I would like my steak cooked medium, please.","我的牛排請煎成五分熟（中等熟度）。"
"1128","meet","v.","遇見、會面","Nice to meet you!","很高興認識你！"
"1129","meeting","n.","會議","We have an important meeting at ten o'clock.","我們十點有個重要的會議。"
"1130","melon","n.","瓜類","Watermelon is a very refreshing fruit in summer.","西瓜在夏天是非常清爽的水果。"
"1131","member","n.","成員","He is a long-time member of the local sports club.","他是當地運動俱樂部的長期成員。"
"1132","memory","n.","記憶","I have a great memory for faces but not for names.","我對記住臉孔很在行，但對記名字則不行。"
"1133","menu","n.","菜單","Could you bring us the menu, please?","可以請你把菜單拿給我們嗎？"
"1134","message","n.","訊息","I left a message for him on his voicemail.","我在他的語音信箱留了訊息。"
"1135","metal","n.","金屬","Gold and silver are precious metals.","黃金和白銀是貴金屬。"
"1136","meter","n.","公尺","The pool is twenty meters long.","這個泳池有二十公尺長。"
"1137","method","n.","方法","They are looking for a new method to solve this problem.","他們正在尋找解決這個問題的新方法。"
"1138","middle","n./adj.","中間","She was sitting in the middle of the room.","她坐在房間的中間。"
"1139","midnight","n.","午夜","The show will end at midnight.","表演將在午夜結束。"
"1140","might","aux.","可能","It might snow later tonight.","今晚稍晚可能會下雪。"
"1141","mile","n.","英里","It is about three miles from here to the train station.","從這裡到火車站大約有三英里。"
"1142","military","n./adj.","軍事；軍隊的","He decided to join the military after graduating from high school.","高中畢業後，他決定加入軍隊。"
"1143","milk","n.","牛奶","Would you like some milk in your tea?","妳的茶要加點牛奶嗎？"
"1144","million","num.","百萬","There are millions of stars in the night sky.","夜空中數以百萬計的星星。"
"1145","mind","n./v.","心智；介意","Do you mind if I open the window?","你介意我打開窗戶嗎？"
"1146","mine","pron.","我的（所有格代名詞）","That book on the desk is mine.","桌上那本書是我的。"
"1147","pro","n.","專業人員 (professional)","He plays basketball like a real pro.","他打籃球就像個真正的專業選手。"
"1148","minor","adj.","較小的、次要的","It was only a minor mistake, so don't worry about it.","這只是個小錯誤，所以別擔心。"
"1149","minus","prep./adj.","減；負的","Five minus three equals two.","五減三等於二。"
"1150","minute","n.","分鐘","Please wait for a few minutes; she will be here soon.","請稍等幾分鐘，她馬上就來。"
"1151","mirror","n.","鏡子","She looked at herself in the mirror before leaving.","出門前，她照了照鏡子。"
"1152","miss","v.","錯過、想念","I missed the bus this morning, so I was late.","今天早上我錯過了公車，所以我遲到了。"
"1153","missing","adj.","失蹤的、遺失的","The little boy reported his missing dog to the police.","那個小男孩向警察通報了他的狗走失了。"
"1154","mistake","n./v.","錯誤","Everyone makes mistakes sometimes.","每個人有時都會犯錯。"
"1155","mix","v.","混合","Mix the eggs with the flour to make a cake.","將雞蛋與麵粉混合來做蛋糕。"
"1156","model","n.","模型、模特兒","She is working as a fashion model in New York.","她在紐約擔任時尚模特兒。"
"1157","modern","adj.","現代的","This building is a great example of modern architecture.","這棟建築是現代建築的極佳範例。"
"1158","moment","n.","片刻","Just a moment, please.","請等一下（片刻）。"
"1159","Monday","n.","週一","I have a lot of work to do on Monday.","週一我有很多工作要做。"
"1160","money","n.","金錢","He saved some money to buy a new computer.","他存了一些錢買新電腦。"
"1161","monkey","n.","猴子","The monkeys were jumping around in the trees.","猴子們在樹間跳來跳去。"
"1162","monster","n.","怪物","The little child was afraid of the monster in his dream.","那個小孩子很怕他夢裡的怪物。"
"1163","month","n.","月份","What is your favorite month of the year?","你一年中最喜歡哪一個月份？"
"1164","monthly","adj./adv.","每月的","We pay a monthly fee for the gym membership.","我們繳交健身房會員的月費。"
"1165","moon","n.","月亮","The moon is very bright tonight.","今晚月亮很亮。"
"1166","mop","n./v.","拖把；拖地","Please use the mop to clean up the water on the floor.","請用拖把把地板上的水清理乾淨。"
"1167","more","adj./adv.","更多的","Would you like some more coffee?","你想要再來點咖啡嗎？"
"1168","morning","n.","早晨","I like to drink coffee in the morning.","我喜歡在早晨喝咖啡。"
"1169","mosquito","n.","蚊子","There are many mosquitoes in the park in the summer.","夏天公園裡有很多蚊子。"
"1170","most","adj./adv./pron.","最多的","This is the most beautiful painting I have ever seen.","這是我看過最美的畫。"
"1171","mother","n.","母親","My mother is a teacher at a local elementary school.","我母親是一所當地小學的老師。"
"1172","motion","n.","移動、動作","The slow motion of the waves was very relaxing.","海浪緩慢的動作非常令人放鬆。"
"1173","mountain","n.","山","We went hiking in the mountains last weekend.","我們上週末去山裡健行。"
"1174","mouse","n.","老鼠","The cat is chasing a mouse in the kitchen.","貓正在廚房追逐一隻老鼠。"
"1175","mouth","n.","嘴巴","Please don't talk with your mouth full.","請不要嘴裡塞滿食物時說話。"
"1176","move","v.","移動","Could you please move your chair a little bit?","你可以請把你的椅子移開一點嗎？"
"1177","movement","n.","運動、移動","Physical movement is important for keeping fit.","身體的運動對於保持身材很重要。"
"1178","movie","n.","電影","What is your favorite movie of all time?","妳這輩子最喜歡的電影是哪一部？"
"1179","Mr.","n.","先生","Mr. Smith is our English teacher this year.","史密斯先生是我們今年的英文老師。"
"1180","Mrs.","n.","太太、夫人","Mrs. Brown is a very kind woman.","布朗太太是一位非常親切的女士。"
"1181","MRT","n.","捷運","I take the MRT to work every day.","我每天搭捷運上班。"
"1182","Ms.","n.","女士（不分婚姻狀況）","Ms. Lee will be leading the meeting today.","李女士今天將主持會議。"
"1183","MTV","n.","音樂電視頻道","She enjoys watching music videos on MTV.","她喜歡在 MTV 上看音樂錄影帶。"
"1184","much","adj./adv.","許多","There isn't much time left before the meeting starts.","會議開始前沒剩多少時間了。"
"1185","mud","n.","泥巴","His shoes were covered in mud after walking in the rain.","他在雨中行走後，鞋子上沾滿了泥巴。"
"1186","museum","n.","博物館","We visited the art museum to see the new exhibition.","我們參觀了美術館以觀看新的展覽。"
"1187","music","n.","音樂","Listening to music helps me relax after work.","聽音樂幫助我在工作後放鬆。"
"1188","musician","n.","音樂家","He is a talented musician who plays the piano beautifully.","他是一位才華橫溢的音樂家，鋼琴彈得很美。"
"1189","must","aux.","必須","You must finish your report by tomorrow morning.","你必須在明天早上前完成報告。"
"1190","my","pron.","我的","This is my favorite book.","這是我的最愛書。"
"1191","myself","pron.","我自己","I made this cake all by myself.","這個蛋糕是我自己親手做的。"
"1192","nail","n.","指甲、釘子","She painted her nails red.","她把指甲塗成紅色。"
"1193","name","n./v.","名字","What is your name, please?","請問妳叫什麼名字？"
"1194","napkin","n.","餐巾紙","Please use a napkin to wipe your mouth.","請用一張餐巾紙擦嘴。"
"1195","narrow","adj.","狹窄的","The street was too narrow for a large truck to pass.","那條街道太窄，大卡車無法通過。"
"1196","nation","n.","國家","The whole nation celebrated the holiday together.","全國共同慶祝了這個節日。"
"1197","national","adj.","國家的","The national holiday is on October 10th.","國定假日是在十月十日。"
"1198","natural","adj.","自然的","This juice is made with 100% natural ingredients.","這果汁是用 100% 天然成分製成的。"
"1199","nature","n.","大自然","We should protect nature and keep it clean.","我們應該保護大自然並保持它的清潔。"
"1200","near","prep./adj.","在...附近","My house is near the park.","我家在公園附近。"
"1201","nearly","adv.","幾乎","It is nearly time for the train to leave.","火車快要開了。"
"1202","necessary","adj.","必要的","Is it really necessary to arrive so early?","真的有必要這麼早到嗎？"
"1203","neck","n.","脖子","She wore a beautiful scarf around her neck.","她在脖子上圍了一條漂亮的圍巾。"
"1204","necklace","n.","項鍊","He gave her a diamond necklace for their anniversary.","週年紀念日時，他送了她一條鑽石項鍊。"
"1205","need","v./n.","需要","You need to drink plenty of water when you are sick.","生病時你需要喝大量的水。"
"1206","needle","n.","針","She used a needle and thread to fix her shirt.","她用針線補好了她的襯衫。"
"1207","negative","adj.","負面的","Try to keep a positive attitude instead of a negative one.","試著保持正面態度，而不是負面態度。"
"1208","neighbor","n.","鄰居","Our neighbor is very friendly and always helps us.","我們的鄰居非常友善，總是幫助我們。"
"1209","neither","adv./conj./pron.","兩者皆不","Neither of the two books is very interesting.","這兩本書都不怎麼有趣。"
"1210","nephew","n.","姪子、外甥","He loves to play soccer with his nephew on weekends.","他週末喜歡跟他的姪子一起踢足球。"
"1211","nervous","adj.","緊張的","I always feel nervous before a big presentation.","我在重要報告前總是感到很緊張。"
"1212","nest","n.","鳥巢","The birds built a nest in the tree outside our window.","鳥兒在我們窗外的樹上築了個巢。"
"1213","never","adv.","從未","I have never been to Japan before.","我以前從未去過日本。"
"1214","new","adj.","新的","They just moved into their new house yesterday.","他們昨天才搬進新家。"
"1215","newspaper","n.","報紙","My grandfather likes to read the newspaper every morning.","我祖父喜歡每天早上看報紙。"
"1216","next","adj./adv.","下一個","What are you going to do next?","你接下來要做什麼？"
"1217","nice","adj.","好的、親切的","It's very nice of you to help me with my work.","你真好，幫我處理工作。"
"1218","niece","n.","姪女、外甥女","She bought a gift for her niece's birthday.","她買了禮物給姪女過生日。"
"1219","night","n.","夜晚","The stars shine brightly at night.","星星在夜晚閃耀得很明亮。"
"1220","nine","num.","九","There are nine students in this small group.","這個小組有九個學生。"
"1221","nineteen","num.","十九","She is nineteen years old this year.","她今年十九歲。"
"1222","ninety","num.","九十","The grandfather is already ninety years old.","那位祖父已經九十歲了。"
"1223","no","adv./adj.","不、沒有","There is no milk left in the fridge.","冰箱裡沒有牛奶了。"
"1224","nobody","pron.","沒有人","Nobody was in the classroom when I arrived.","我到的時候教室裡沒有人。"
"1225","nod","v.","點頭","She nodded to show that she understood my point.","她點點頭以表示她理解我的意思。"
"1226","noise","n.","噪音","The noise from the construction work is very annoying.","施工的噪音非常惱人。"
"1227","noisy","adj.","吵雜的","The library should be quiet, not noisy.","圖書館應該安靜，而不是吵雜。"
"1228","none","pron.","沒有一個","None of the students knew the answer to the question.","沒有學生知道這題的答案。"
"1229","noon","n.","中午","Let's have lunch together at noon.","我們中午一起吃午餐吧。"
"1230","north","n./adj.","北方","We live in the north of the country.","我們住在這個國家的北部。"
"1231","northern","adj.","北方的","We are planning a trip to the northern part of Taiwan.","我們正計畫去台灣的北部旅遊。"
"1232","nose","n.","鼻子","She has a small and straight nose.","她有一個小而挺的鼻子。"
"1233","not","adv.","不","I am not hungry right now.","我現在不餓。"
"1234","note","n./v.","筆記；注意","Please take notes during the meeting.","請在會議期間做筆記。"
"1235","notebook","n.","筆記本","I bought a new notebook for my English class.","我為英文課買了一本新筆記本。"
"1236","nothing","pron.","沒什麼","There is nothing left in the box.","盒子裡什麼都沒剩下。"
"1237","notice","v./n.","注意；佈告","Did you notice that she was wearing a new dress?","你有注意到她穿了件新洋裝嗎？"
"1238","novel","n.","小說","She is reading an interesting novel during the break.","她在休息時正讀著一本有趣的小說。"
"1239","November","n.","十一月","The weather starts to get cold in November.","天氣在十一月開始變冷。"
"1240","now","adv.","現在","I have to leave right now.","我現在必須離開。"
"1241","number","n.","數字/號碼","Can you tell me your phone number?","你可以告訴我你的電話號碼嗎？"
"1242","nurse","n.","護士","The nurse helped the patient feel more comfortable.","護士幫助病患感到更舒適。"
"1243","obey","v.","服從","We must obey the school rules.","我們必須遵守學校規定。"
"1244","occur","v.","發生","The accident occurred late last night.","這起事故發生在昨晚深夜。"
"1245","ocean","n.","海洋","The ocean looks very blue and beautiful today.","今天海洋看起來非常藍且美麗。"
"1246","o’clock","adv.","點鐘","It is eight o'clock in the morning.","現在是早上八點鐘。"
"1247","October","n.","十月","My birthday is in October.","我的生日在十月。"
"1248","of","prep.","屬於...的","She is a friend of mine.","她是我的朋友。"
"1249","off","adv./prep.","離開/關掉","Please turn off the lights when you leave.","離開時請關燈。"
"1250","offer","v./n.","提供","They offered me a job at the new company.","他們在那間新公司提供我一份工作。"
"1251","office","n.","辦公室","He works in an office in the city center.","他在市中心的一間辦公室工作。"
"1252","officer","n.","官員/警官","The police officer helped the old lady cross the street.","警官幫那位老太太過馬路。"
"1253","often","adv.","經常","We often go to the park on Sundays.","我們星期天經常去公園。"
"1254","oil","n.","油","Please add a little bit of cooking oil to the pan.","請在平底鍋裡加一點食用油。"
"1255","OK","adj./adv./int.","好的","Is it OK if I sit here?","我可以坐在這裡嗎？"
"1256","old","adj.","老的","He lives in an old house built many years ago.","他住在一棟許多年前蓋的老房子裡。"
"1257","omit","v.","省略","Please do not omit any important details in your report.","請不要在報告中省略任何重要細節。"
"1258","on","prep./adv.","在...之上","The book is on the table.","書在桌子上。"
"1259","once","adv.","一次/曾經","I have been to that restaurant once.","我去過那間餐廳一次。"
"1260","one","num./pron.","一","I only have one apple left.","我只剩下一個蘋果。"
"1261","onion","n.","洋蔥","Please cut the onion into small pieces.","請把洋蔥切成小塊。"
"1262","only","adv./adj.","唯一、僅僅","This is the only way to solve the problem.","這是解決這個問題的唯一方法。"
"1263","open","v./adj.","打開；開放的","Please open the window to let some fresh air in.","請打開窗戶讓新鮮空氣進來。"
"1264","operate","v.","操作、運作","He knows how to operate the new machine.","他知道如何操作那台新機器。"
"1265","operation","n.","手術、運作","The doctor performed a successful operation on her.","醫生為她進行了一次成功的手術。"
"1266","opinion","n.","意見、觀點","What is your opinion on this matter?","你對這件事有什麼看法？"
"1267","or","conj.","或者","Would you like tea or coffee?","你想要喝茶還是咖啡？"
"1268","orange","n./adj.","柳橙、橘色","I drink a glass of orange juice every morning.","我每天早上喝一杯柳橙汁。"
"1269","order","n./v.","訂單；命令、點餐","May I take your order, sir?","先生，我可以為您點餐了嗎？"
"1270","ordinary","adj.","普通的","It was just an ordinary day at work.","這只是工作普通的一天。"
"1271","organize","v.","組織、安排","They are trying to organize a charity event.","他們正在嘗試組織一場慈善活動。"
"1272","other","adj./pron.","其他的","Do you have any other questions?","你還有其他問題嗎？"
"1273","our","pron.","我們的","This is our house.","這是我們的房子。"
"1274","ours","pron.","我們的（所有格代名詞）","That car is ours.","那輛車是我們的。"
"1275","out","adv.","向外","Let's go out for dinner tonight.","我們今晚出去吃晚餐吧。"
"1276","outside","n./adv./prep.","外面","It is raining outside right now.","外面現在正在下雨。"
"1277","oven","n.","烤箱","I am baking a cake in the oven.","我正在烤箱裡烤蛋糕。"
"1278","over","prep./adv.","在...之上、結束","The game is over now.","比賽現在結束了。"
"1279","overpass","n.","天橋、高架橋","They crossed the busy road using the overpass.","他們使用天橋穿過繁忙的道路。"
"1280","overseas","adj./adv.","海外的","He has a lot of business experience overseas.","他在海外有豐富的商業經驗。"
"1281","own","v./adj.","擁有、自己的","She owns a small bookstore in the neighborhood.","她在附近擁有一間小書店。"
"1282","owner","n.","擁有者、主人","Who is the owner of this pet store?","這間寵物店的店主是誰？"
"1283","ox","n.","公牛","The ox was used for plowing the field.","公牛被用來耕田。"
"1284","P.M.","n.","下午","The meeting will be at 3:00 P.M.","會議將在下午三點舉行。"
"1285","pack","v./n.","打包、包裝","Can you help me pack my suitcase?","你可以幫我打包行李箱嗎？"
"1286","package","n.","包裹","I received a package from my friend yesterday.","我昨天收到朋友寄來的一個包裹。"
"1287","page","n.","頁","Please turn to page ten.","請翻到第十頁。"
"1288","pain","n.","疼痛","I felt a sharp pain in my back.","我感覺到背部一陣劇痛。"
"1289","painful","adj.","痛苦的、疼痛的","Having a toothache is very painful.","牙痛起來非常痛苦。"
"1290","paint","v./n.","繪畫、油漆","He likes to paint pictures of the countryside.","他喜歡畫鄉村的畫。"
"1291","painter","n.","畫家","He is a famous painter known for his beautiful landscapes.","他是一位著名的畫家，以風景畫聞名。"
"1292","painting","n.","畫作/繪畫","There is a beautiful painting on the wall of our living room.","我們客廳的牆上有一幅美麗的畫。"
"1293","pair","n.","一對/一雙","I need to buy a new pair of shoes.","我需要買一雙新鞋。"
"1294","pajamas","n.","睡衣","She likes to wear comfortable pajamas at home.","她喜歡在家穿舒服的睡衣。"
"1295","pale","adj.","蒼白的","She looked a bit pale after she heard the bad news.","聽聞壞消息後，她看起來臉色蒼白。"
"1296","pan","n.","平底鍋","Heat the oil in the pan before you add the vegetables.","在加入蔬菜前，先把鍋裡的油加熱。"
"1297","panda","n.","貓熊","The panda is eating bamboo in the zoo.","那隻貓熊正在動物園裡吃竹子。"
"1298","pants","n.","褲子","These pants are too long for me.","這條褲子對我來說太長了。"
"1299","papaya","n.","木瓜","I like to have a papaya for breakfast.","我早餐喜歡吃木瓜。"
"1300","paper","n.","紙","Please write your name on a piece of paper.","請把你的名字寫在一張紙上。"
"1301","pardon","v./int.","原諒/請問（再說一次）","Pardon? I didn't quite hear what you said.","請問再說一次？我沒聽清楚你說什麼。"
"1302","parent","n.","父母/家長","Students should listen to their parents.","學生應該聽從父母的話。"
"1303","Paris","n.","巴黎","We are planning to visit Paris next summer.","我們計畫明年夏天去巴黎旅遊。"
"1304","park","n./v.","公園/停車","Let's go for a walk in the park.","我們去公園走走吧。"
"1305","parrot","n.","鸚鵡","The parrot can repeat what people say.","那隻鸚鵡會重複人說的話。"
"1306","part","n.","部分","This is only a small part of the story.","這只是故事的一小部分。"
"1307","particular","adj.","特定的/特別的","Is there any particular book you are looking for?","你有特別在找哪本書嗎？"
"1308","partner","n.","夥伴/合夥人","He is my business partner in this project.","他是這個專案的商業夥伴。"
"1309","party","n.","派對/政黨","We are throwing a party for her birthday next week.","我們下週要為她的生日舉辦派對。"
"1310","pass","v.","通過","I am happy that I passed the English test.","我很高興我通過了英文考試。"
"1311","passenger","n.","乘客","The passengers were asked to stay in their seats.","乘客被要求待在座位上。"
"1312","past","n./adj.","過去","We should learn from the past.","我們應該從過去汲取教訓。"
"1313","paste","n./v.","漿糊/黏貼","Please paste the photo into your notebook.","請把照片貼進筆記本裡。"
"1314","path","n.","小徑/道路","They followed the path through the forest.","他們沿著森林裡的小徑走。"
"1315","patient","n./adj.","病人/有耐心的","The doctor was very patient with the young child.","醫生對那位年幼的孩子很有耐心。"
"1316","pattern","n.","圖案/模式","I like the pattern on this shirt.","我喜歡這件襯衫上的圖案。"
"1317","pause","v./n.","暫停","Please pause the video for a moment.","請把影片暫停一下。"
"1318","pay","v.","支付","How much did you pay for this computer?","你買這台電腦付了多少錢？"
"1319","P.E.","n.","體育課 (Physical Education)","My favorite subject at school is P.E.","我在學校最喜歡的科目是體育課。"
"1320","peace","n.","和平","Everyone wants to live in peace.","每個人都想和平地生活。"
"1321","peaceful","adj.","和平的、寧靜的","The garden is a very peaceful place to read.","這座花園是一個閱讀起來非常寧靜的地方。"
"1322","peach","n.","桃子","I like to eat fresh peaches in the summer.","我喜歡在夏天吃新鮮的桃子。"
"1323","pear","n.","梨子","Would you like an apple or a pear?","你想要蘋果還是梨子？"
"1324","pen","n.","鋼筆/原子筆","Could I borrow your pen to write this down?","我可以借你的筆把這個寫下來嗎？"
"1325","pencil","n.","鉛筆","Please use a pencil to draw the design.","請用鉛筆畫出設計圖。"
"1326","people","n.","人們","There were many people in the park today.","今天公園裡有很多人。"
"1327","pepper","n.","胡椒/甜椒","Add a little salt and pepper to the soup.","在湯裡加一點鹽和胡椒。"
"1328","perfect","adj.","完美的","This is the perfect weather for a hike.","這是健行最完美的天氣。"
"1329","perhaps","adv.","也許","Perhaps we can meet again next week.","也許我們下週可以再見面。"
"1330","period","n.","時期/節（課）","We have a history class during the first period.","我們第一節課是歷史課。"
"1331","person","n.","人","She is a very kind person.","她是一個非常善良的人。"
"1332","personal","adj.","個人的","This is my personal computer.","這是我的個人電腦。"
"1333","pet","n.","寵物","Do you have any pets at home?","你家裡有養寵物嗎？"
"1334","Philippines","n.","菲律賓","They went to the Philippines for their honeymoon.","他們去菲律賓度蜜月。"
"1335","phone","n./v.","電話/打電話","Could you please phone him for me?","你可以請幫我打電話給他嗎？"
"1336","photo","n.","照片","Could you take a photo of us?","你可以幫我們拍張照嗎？"
"1337","physics","n.","物理學","He is very good at physics.","他物理學得很好。"
"1338","piano","n.","鋼琴","She has been playing the piano for ten years.","她彈鋼琴已經彈了十年了。"
"1339","pick","v.","挑選/採摘","I picked some flowers from the garden.","我從花園裡摘了一些花。"
"1340","picnic","n.","野餐","We are planning a picnic for this weekend.","我們正在計畫這個週末去野餐。"
"1341","picture","n.","圖片/圖畫","Can you describe the picture on the wall?","你可以描述一下牆上的那幅畫嗎？"
"1342","pie","n.","派/餡餅","She baked a delicious apple pie.","她烤了一個美味的蘋果派。"
"1343","piece","n.","一片/張/塊","Could I have a piece of cake?","我可以吃一塊蛋糕嗎？"
"1344","pig","n.","豬","The pigs are playing in the mud.","豬正在泥巴裡玩耍。"
"1345","pigeon","n.","鴿子","There are many pigeons in the city square.","城市廣場裡有很多鴿子。"
"1346","pile","n.","堆","There is a pile of dirty clothes on the chair.","椅子上有一堆髒衣服。"
"1347","pillow","n.","枕頭","I need a soft pillow to sleep well.","我需要一個柔軟的枕頭才能睡得好。"
"1348","pin","n.","針/別針","Use a pin to hold the fabric together.","用別針把布料固定在一起。"
"1349","pineapple","n.","鳳梨","Pineapple is a very sweet fruit.","鳳梨是一種很甜的水果。"
"1350","pink","n./adj.","粉紅色","She wore a beautiful pink dress to the party.","她穿著一件漂亮的粉紅色洋裝去參加派對。"
"1351","pipe","n.","管子/水管","The water pipe in the kitchen is leaking.","廚房的水管在漏水。"
"1352","pizza","n.","披薩","We ordered a large pizza for dinner.","我們晚餐點了一個大披薩。"
"1353","place","n./v.","地方/放置","This is the perfect place for a vacation.","這是度假的完美地點。"
"1354","plain","adj.","簡單的/樸素的","She likes to wear plain clothes without any patterns.","她喜歡穿素面沒有圖案的衣服。"
"1355","plan","n./v.","計畫","What is your plan for the weekend?","你週末有什麼計畫？"
"1356","plane","n.","飛機","We arrived at the airport before the plane took off.","我們在飛機起飛前抵達機場。"
"1357","planet","n.","行星","Earth is a planet that supports life.","地球是能支持生命的行星。"
"1358","plant","n./v.","植物/種植","She loves to plant flowers in her garden.","她喜歡在花園裡種花。"
"1359","plate","n.","盤子","Please put the food on the plate.","請把食物放在盤子上。"
"1360","platform","n.","月台/平台","The train will arrive at platform three.","火車將抵達第三月台。"
"1361","play","v./n.","玩/劇本","The children are playing in the backyard.","孩子們正在後院玩耍。"
"1362","player","n.","球員/玩家","He is a very talented basketball player.","他是一位非常有天賦的籃球員。"
"1363","pleasant","adj.","愉快的","We had a very pleasant time at the party.","我們在派對上度過了非常愉快的時光。"
"1364","please","v./int.","請","Could you please close the door?","可以請你把門關上嗎？"
"1365","pleased","adj.","高興的","I am very pleased with your performance.","我對你的表現感到非常高興。"
"1366","pleasure","n.","樂趣/榮幸","It is a pleasure to meet you.","很高興見到你。"
"1367","plus","prep.","加","Two plus two equals four.","二加二等於四。"
"1368","pocket","n.","口袋","He put his keys in his pocket.","他把鑰匙放進口袋裡。"
"1369","poem","n.","詩","She wrote a beautiful poem for her friend.","她為朋友寫了一首美麗的詩。"
"1370","point","n./v.","點/重點","What is the point of doing this?","做這件事的重點是什麼？"
"1371","poison","n.","毒藥","Keep the poison away from children.","把毒藥放在孩子拿不到的地方。"
"1372","police","n.","警察","The police are looking for the thief.","警察正在尋找那個小偷。"
"1373","policeman","n.","警察(男性)","The policeman directed the traffic.","那位警察在指揮交通。"
"1374","policy","n.","政策/原則","The school has a strict policy on cheating.","學校對於作弊有嚴格的規定。"
"1375","polite","adj.","有禮貌的","It is polite to say thank you.","說謝謝是有禮貌的表現。"
"1376","pollute","v.","污染","Cars can pollute the air in the city.","汽車會污染城市裡的空氣。"
"1377","pollution","n.","污染","Air pollution is a major problem in many cities.","空氣污染是許多城市的主要問題。"
"1378","pond","n.","池塘","There are many fish in the pond.","池塘裡有很多魚。"
"1379","pool","n.","游泳池","We went swimming in the pool this afternoon.","我們今天下午去游泳池游泳。"
"1380","poor","adj.","貧窮的/差的","They live in a poor neighborhood.","他們住在一個貧窮的社區。"
"1381","popcorn","n.","爆米花","We ate some popcorn while watching the movie.","我們一邊看電影一邊吃了一些爆米花。"
"1382","popular","adj.","受歡迎的","This song is very popular among teenagers.","這首歌在青少年間非常受歡迎。"
"1383","pork","n.","豬肉","Would you like some pork for dinner?","晚餐你想吃些豬肉嗎？"
"1384","position","n.","位置/職位","He applied for a position at the company.","他申請了那間公司的一個職位。"
"1385","positive","adj.","正面的/積極的","She always keeps a positive attitude toward life.","她總是對生活保持正面態度。"
"1386","possible","adj.","可能的","It is possible that it will rain tomorrow.","明天有可能會下雨。"
"1387","post","n./v.","郵件/張貼","Did you post the letter this morning?","你今天早上寄那封信了嗎？"
"1388","postcard","n.","明信片","She sent me a postcard from her trip to Japan.","她從日本之旅寄了一張明信片給我。"
"1389","pot","n.","鍋子","She is cooking soup in a large pot.","她正在用一個大鍋子煮湯。"
"1390","potato","n.","馬鈴薯","We need to buy some potatoes for dinner.","我們需要買些馬鈴薯做晚餐。"
"1391","pound","n.","磅","The bag of sugar weighs two pounds.","這袋糖重兩磅。"
"1392","powder","n.","粉末","The baking powder helps the cake rise.","泡打粉幫助蛋糕蓬鬆。"
"1393","power","n.","權力/力量/電力","The power went out during the storm.","風暴期間停電了。"
"1394","powerful","adj.","強大的","He is a powerful leader in the company.","他是公司裡強大的領導者。"
"1395","practice","v./n.","練習","You need to practice hard to play the piano well.","你需要努力練習才能彈好鋼琴。"
"1396","praise","v./n.","稱讚","The teacher praised him for his hard work.","老師稱讚他的努力工作。"
"1397","pray","v.","祈禱","She prayed for her family's safety.","她為家人的安全祈禱。"
"1398","precious","adj.","珍貴的","These photos are very precious to me.","這些照片對我來說非常珍貴。"
"1399","prefer","v.","偏好/比較喜歡","I prefer coffee to tea.","比起茶，我比較喜歡咖啡。"
"1400","prepare","v.","準備","We need to prepare for the final exam.","我們需要為期末考做準備。"
"1401","present","n./adj./v.","禮物/出席的/呈現","He gave me a birthday present.","他給了我一份生日禮物。"
"1402","president","n.","總統/校長/總裁","The president of the company is away on business.","公司總裁外出公幹去了。"
"1403","press","v./n.","按壓/新聞界","Please press the button to open the door.","請按按鈕打開門。"
"1404","pretty","adj./adv.","漂亮的/相當","She looks pretty in that dress.","她穿那件洋裝看起來很漂亮。"
"1405","price","n.","價格","What is the price of this item?","這個物品的價格是多少？"
"1406","priest","n.","牧師/神父","The priest helped the poor in the community.","那位牧師幫助社區裡的窮人。"
"1407","primary","adj.","主要的/初級的","Primary education is very important for children.","初等教育對孩子們非常重要。"
"1408","prince","n.","王子","The prince lived in a large palace.","王子住在一座巨大的宮殿裡。"
"1409","princess","n.","公主","The princess was very beautiful and kind.","那位公主非常美麗且善良。"
"1410","principle","n.","原則","It is against my principles to lie.","說謊違背了我的原則。"
"1411","print","v./n.","列印/印刷","Please print the document for me.","請幫我列印這份文件。"
"1412","printer","n.","印表機","The printer is out of paper.","印表機沒紙了。"
"1413","prison","n.","監獄","The thief was sent to prison for his crimes.","那個小偷因罪行被送進監獄。"
"1414","prisoner","n.","囚犯","The prisoner escaped from the prison last night.","囚犯昨晚從監獄逃脫了。"
"1415","private","adj.","私人的","This is a private meeting, so you cannot enter.","這是私人會議，你不能進入。"
"1416","prize","n.","獎品/獎金","He won the first prize in the competition.","他在比賽中獲得了第一名（頭獎）。"
"1417","probably","adv.","大概/很可能","It will probably rain this afternoon.","今天下午很可能會下雨。"
"1418","problem","n.","問題","We need to solve this problem as soon as possible.","我們需要儘快解決這個問題。"
"1419","produce","v.","生產/製造","This factory produces high-quality goods.","這家工廠生產高品質的商品。"
"1420","product","n.","產品","The new product will be available next month.","這項新產品將於下個月上市。"
"1421","professor","n.","教授","She is a professor of history at the university.","她是大學的歷史系教授。"
"1422","program","n.","節目/程式","What is your favorite television program?","你最喜歡的電視節目是什麼？"
"1423","promise","v./n.","承諾/答應","I promise that I will finish my homework on time.","我承諾我會準時完成作業。"
"1424","pronounce","v.","發音","How do you pronounce this word?","這個字要怎麼發音？"
"1425","propose","v.","提議/求婚","They proposed a new plan to the committee.","他們向委員會提出了一項新計畫。"
"1426","protect","v.","保護","We must protect our environment.","我們必須保護環境。"
"1427","protection","n.","保護","The umbrella gives me some protection from the rain.","雨傘為我提供了一些防雨的保護。"
"1428","proud","adj.","驕傲的/感到自豪的","I am very proud of your achievement.","我為你的成就感到非常自豪。"
"1429","prove","v.","證明","She proved that she was right.","她證明她是對的。"
"1430","provide","v.","提供","The company provides free lunch for employees.","公司為員工提供免費午餐。"
"1431","public","adj./n.","公開的/大眾","Smoking is not allowed in public places.","公共場合禁止抽煙。"
"1432","pull","v.","拉/拖","Please pull the door to open it.","請拉門以打開它。"
"1433","pump","n./v.","幫浦/抽水","The pump is used to move water from the well.","幫浦被用來將水從井中抽出來。"
"1434","pumpkin","n.","南瓜","We carved a pumpkin for Halloween.","我們為了萬聖節雕刻了一個南瓜。"
"1435","punish","v.","處罰","The teacher punished the student for being late.","老師因為學生遲到而處罰他。"
"1436","puppy","n.","小狗","The little girl is playing with a cute puppy.","小女孩正跟一隻可愛的小狗玩。"
"1437","purchase","v./n.","購買","She decided to purchase the house.","她決定購買那棟房子。"
"1438","purple","n./adj.","紫色","Her favorite color is purple.","她最喜歡的顏色是紫色。"
"1439","purpose","n.","目的/意圖","The purpose of this meeting is to discuss the new plan.","這次會議的目的是討論新計畫。"
"1440","purse","n.","錢包/女用手提包","She lost her purse on the bus.","她在公車上弄丟了錢包。"
"1441","push","v.","推","Please push the door to open it.","請推門以打開它。"
"1442","put","v.","放置","Please put your book on the desk.","請把你的書放在桌子上。"
"1443","puzzle","n.","拼圖/難題","He enjoys solving difficult puzzles.","他喜歡解決困難的難題。"
"1444","quality","n.","品質","This store is famous for the high quality of its products.","這間店以產品的高品質聞名。"
"1445","quarter","n.","四分之一/十五分鐘","It is a quarter past three.","現在是三點十五分。"
"1446","queen","n.","女王/皇后","The queen waved to the people.","女王向人民揮手。"
"1447","question","n.","問題","If you have any questions, please ask.","如果你有任何問題，請儘管問。"
"1448","quick","adj.","快的","She is a quick learner.","她學習得很快。"
"1449","quiet","adj.","安靜的","Please keep quiet in the library.","請在圖書館保持安靜。"
"1450","quit","v.","離開/放棄","He decided to quit his job last month.","他決定上個月辭職。"
"1451","quite","adv.","相當","The movie was quite interesting.","這部電影相當有趣。"
"1452","quiz","n.","小測驗","We have a math quiz every Friday.","我們每週五都有數學小測驗。"
"1453","rabbit","n.","兔子","The rabbit is eating a carrot.","那隻兔子正在吃紅蘿蔔。"
"1454","race","n./v.","比賽/競賽","He won the bicycle race.","他贏得了自行車比賽。"
"1455","radio","n.","收音機","I like to listen to the radio in the morning.","我喜歡在早上聽收音機。"
"1456","railroad","n.","鐵路","The railroad connects the two cities.","這條鐵路連結了這兩座城市。"
"1457","rain","n./v.","雨/下雨","It started to rain while we were walking.","我們在散步時開始下雨了。"
"1458","rainbow","n.","彩虹","We saw a beautiful rainbow after the rain.","雨後我們看到了一道美麗的彩虹。"
"1459","rainy","adj.","多雨的","It is a rainy day today.","今天是個下雨天。"
"1460","raise","v.","舉起/提高","Please raise your hand if you have any questions.","如果有任何問題，請舉手。"
"1461","range","n.","範圍/系列","The store sells a wide range of products.","這家店販售範圍廣泛的產品。"
"1462","rapid","adj.","迅速的","The rapid development of technology has changed our lives.","科技的迅速發展改變了我們的生活。"
"1463","rare","adj.","稀有的","This is a very rare kind of bird.","這是一種非常稀有的鳥類。"
"1464","rat","n.","老鼠","She was scared when she saw a rat in the kitchen.","她在廚房看到一隻老鼠時很害怕。"
"1465","rather","adv.","相當/寧願","It is rather cold outside today.","外面今天相當冷。"
"1466","reach","v.","抵達","We reached the top of the mountain at noon.","我們在中午抵達山頂。"
"1467","read","v.","閱讀","She likes to read stories to her children.","她喜歡唸故事給她的孩子們聽。"
"1468","ready","adj.","準備好的","Are you ready for the test?","你為考試準備好了嗎？"
"1469","real","adj.","真實的","Is this diamond real or fake?","這顆鑽石是真的還是假的？"
"1470","realize","v.","意識到","I didn't realize that it was so late.","我沒有意識到已經這麼晚了。"
"1471","really","adv.","真正地/非常","I really enjoyed the party last night.","我真的很享受昨晚的派對。"
"1472","reason","n.","原因","What is the reason for your absence?","你缺席的原因是什麼？"
"1473","receive","v.","收到","I received a letter from my friend today.","我今天收到一封來自朋友的信。"
"1474","recent","adj.","近期的","This is a recent photograph of my family.","這是我們家最近的一張照片。"
"1475","recently","adv.","最近","I have been very busy recently.","我最近一直很忙。"
"1476","recover","v.","恢復/康復","He is recovering well after the operation.","他在手術後康復得很好。"
"1477","rectangle","n.","長方形","Draw a rectangle on the paper.","在紙上畫一個長方形。"
"1478","recycle","v.","回收","We should recycle our waste to protect the environment.","我們應該回收廢棄物以保護環境。"
"1479","red","n./adj.","紅色","She wore a red dress to the party.","她穿著一件紅色的洋裝參加派對。"
"1480","refuse","v.","拒絕","He refused to answer my questions.","他拒絕回答我的問題。"
"1481","regard","v./n.","認為/關心","I regard him as my best friend.","我把他視為我最好的朋友。"
"1482","region","n.","地區","This region is famous for its beautiful mountains.","這個地區以美麗的山脈聞名。"
"1483","regret","v./n.","後悔","I regret not studying harder for the test.","我後悔沒有更努力準備考試。"
"1484","regular","adj.","規律的","You should maintain a regular exercise routine.","你應該保持規律的運動習慣。"
"1485","reject","v.","拒絕/駁回","The company rejected his job application.","公司拒絕了他的求職申請。"
"1486","relative","n.","親戚","All my relatives will come to the party.","我所有的親戚都會來參加派對。"
"1487","remember","v.","記得","I remember meeting you at the party.","我記得在派對上見過你。"
"1488","remind","v.","提醒","Please remind me to call her later.","請提醒我稍後打電話給她。"
"1489","rent","v./n.","租金/租用","How much is the rent for this apartment?","這間公寓的租金是多少？"
"1490","repair","v./n.","修理","He can repair your broken computer.","他可以修理你壞掉的電腦。"
"1491","repeat","v.","重複","Could you please repeat what you just said?","可以請你重複你剛剛說的話嗎？"
"1492","reply","v./n.","回覆","She didn't reply to my email.","她沒有回覆我的電子郵件。"
"1493","report","n./v.","報告","He submitted his report to the manager.","他把報告交給了經理。"
"1494","reporter","n.","記者","The reporter asked the president some questions.","那位記者問了總統一些問題。"
"1495","require","v.","要求/需要","The job requires a lot of experience.","這份工作需要豐富的經驗。"
"1496","respect","v./n.","尊重","We should respect other people's opinions.","我們應該尊重他人的意見。"
"1497","rest","n./v.","休息","You need a good rest after work.","工作後你需要好好休息。"
"1498","restaurant","n.","餐廳","We had a great meal at this restaurant.","我們在這間餐廳吃了很棒的一餐。"
"1499","restroom","n.","洗手間","Excuse me, where is the restroom?","不好意思，請問洗手間在哪裡？"
"1500","result","n.","結果","The final result of the game was a tie.","比賽的最終結果是平手。"
"1501","return","v./n.","歸還/返回","I returned the book to the library yesterday.","我昨天把書還給圖書館了。"
"1502","review","v./n.","複習/評論","We should review our notes before the exam.","考試前我們應該複習我們的筆記。"
"1503","revise","v.","修訂/溫習","He is revising his report based on the teacher's feedback.","他正根據老師的回饋修訂他的報告。"
"1504","rice","n.","米飯","Rice is the main food for many people in Asia.","米飯是許多亞洲人的主食。"
"1505","rich","adj.","富有的","He is one of the richest men in the world.","他是世界上最富有的人之一。"
"1506","ride","v./n.","騎/搭乘","She likes to ride her bike to school.","她喜歡騎腳踏車上學。"
"1507","right","adj./adv./n.","正確的/右邊/權利","You made the right decision.","你做了正確的決定。"
"1508","ring","n./v.","戒指/打電話/鈴聲","He gave her a beautiful diamond ring.","他送了她一枚漂亮的鑽石戒指。"
"1509","rise","v.","上升","The sun rises in the east every morning.","太陽每天早上從東方升起。"
"1510","river","n.","河流","They went fishing in the river.","他們去河裡釣魚。"
"1511","road","n.","道路","This road is very busy during rush hour.","這條路在尖峰時刻非常繁忙。"
"1512","rob","v.","搶劫","The thief tried to rob the bank.","那個小偷試圖搶劫銀行。"
"1513","robot","n.","機器人","The robot can perform simple tasks automatically.","這個機器人能自動執行簡單的任務。"
"1514","rock","n.","岩石","The child threw a rock into the pond.","那個小孩把一塊石頭扔進池塘裡。"
"1515","role","n.","角色","She played an important role in the project.","她在這個專案中扮演了重要的角色。"
"1516","roll","v./n.","捲/滾動","Please roll up your sleeves before washing your hands.","洗手前請把袖子捲起來。"
"1517","roof","n.","屋頂","The cat is sitting on the roof.","貓正坐在屋頂上。"
"1518","room","n.","房間/空間","Is there enough room for everyone in the car?","車子裡有足夠的空間給每個人嗎？"
"1519","root","n.","根","The roots of this tree are very deep.","這棵樹的根很深。"
"1520","rope","n.","繩子","He used a rope to climb up the mountain.","他用繩子爬上山。"
"1521","rose","n.","玫瑰","He gave me a red rose on Valentine's Day.","他在情人節送了我一朵紅玫瑰。"
"1522","round","adj./prep.","圓的/圍繞","The earth is round.","地球是圓的。"
"1523","row","n./v.","列/划船","We sat in the front row of the theater.","我們坐在劇院的第一列（前排）。"
"1524","royal","adj.","皇家的","The royal family lives in the palace.","皇室家族住在宮殿裡。"
"1525","rub","v.","摩擦","She rubbed her eyes because she was tired.","因為累了，她搓了搓眼睛。"
"1526","rubber","n.","橡膠","The tires of the car are made of rubber.","汽車的輪胎是由橡膠製成的。"
"1527","rude","adj.","無禮的","It is rude to talk while others are speaking.","別人說話時插嘴是很無禮的。"
"1528","ruin","v./n.","毀壞/廢墟","The heavy rain ruined our picnic.","大雨毀了我們的野餐。"
"1529","rule","n./v.","規則/統治","We must follow the rules of the game.","我們必須遵守遊戲規則。"
"1530","ruler","n.","尺/統治者","Please use a ruler to draw a straight line.","請用尺畫一條直線。"
"1531","run","v.","跑步","He likes to run in the park every morning.","他喜歡每天早上在公園跑步。"
"1532","rush","v./n.","衝/急促","I have to rush to catch the bus.","我必須趕緊去搭公車。"
"1533","Russia","n.","俄羅斯","They traveled to Russia last winter.","他們去年冬天去俄羅斯旅遊。"
"1534","Russian","n./adj.","俄羅斯人/俄羅斯語的","She speaks fluent Russian.","她說著一口流利的俄語。"
"1535","sad","adj.","悲傷的","She felt sad after hearing the news.","聽到那個消息後，她感到很悲傷。"
"1536","safe","adj.","安全的","It is safe to drink this water.","喝這個水是安全的。"
"1537","safety","n.","安全","Safety first!","安全第一！"
"1538","sail","v./n.","航行/帆","They sailed across the ocean.","他們航行橫跨了海洋。"
"1539","sailor","n.","水手","The sailor has traveled to many countries.","那位水手去過許多國家。"
"1540","salad","n.","沙拉","I would like to have a vegetable salad for lunch.","我想午餐吃個蔬菜沙拉。"
"1541","sale","n.","特價/銷售","The clothes are on sale now.","那些衣服現在正在特價。"
"1542","salesman","n.","銷售員","The salesman is very good at convincing people.","那位銷售員非常擅長說服他人。"
"1543","salt","n.","鹽","Please pass me the salt.","請把鹽遞給我。"
"1544","same","adj./pron.","相同的","We have the same opinion on this matter.","我們對這件事有相同的看法。"
"1545","sample","n.","樣本/樣品","The store gave me a free sample of the new product.","這家店給了我新產品的免費樣品。"
"1546","sand","n.","沙子","We built a sandcastle on the beach.","我們在沙灘上蓋了一座沙堡。"
"1547","sandwich","n.","三明治","I packed a sandwich for my lunch.","我準備了一個三明治當午餐。"
"1548","satisfy","v.","使滿足","The results of the test satisfied everyone.","考試結果讓大家都感到滿意。"
"1549","Saturday","n.","週六","We always go shopping on Saturday.","我們總是週六去逛街。"
"1550","saucer","n.","茶碟/托盤","The cup is placed on a small saucer.","杯子放在一個小茶碟上。"
"1551","save","v.","拯救/節省","We need to save more energy.","我們需要節省更多能源。"
"1552","say","v.","說","What did you say?","你說了什麼？"
"1553","scale","n.","秤/刻度","She weighed herself on the scale.","她用秤量了體重。"
"1554","scared","adj.","感到害怕的","She was scared of the dog.","她很怕那隻狗。"
"1555","scarf","n.","圍巾","She wore a warm scarf in winter.","她冬天戴了一條溫暖的圍巾。"
"1556","scene","n.","場景","The scene in the movie was very beautiful.","電影裡的那個場景非常漂亮。"
"1557","school","n.","學校","I go to school by bus every day.","我每天搭公車上學。"
"1558","science","n.","科學","Science is an interesting subject.","科學是一門有趣的學科。"
"1559","scientist","n.","科學家","She wants to be a scientist in the future.","她未來想成為一名科學家。"
"1560","scooter","n.","速克達/摩托車","He drives his scooter to work.","他騎速克達去上班。"
"1561","score","n./v.","分數/得分","What is the score of the game?","這場比賽的比分是多少？"
"1562","screen","n.","螢幕","The screen of my computer is too small.","我電腦的螢幕太小了。"
"1563","sea","n.","海洋","We love to swim in the sea.","我們喜歡在海裡游泳。"
"1564","search","v./n.","搜尋","The police are searching for the missing child.","警察正在搜尋失蹤的孩子。"
"1565","season","n.","季節","Spring is my favorite season.","春天是我最喜歡的季節。"
"1566","seat","n.","座位","Please take your seat.","請就座。"
"1567","second","n./num.","秒/第二","He finished the race in ten seconds.","他以十秒的時間跑完了比賽。"
"1568","secret","n./adj.","秘密","I have a secret to tell you.","我有一個秘密要告訴你。"
"1569","secretary","n.","秘書","The secretary is typing a letter.","秘書正在打一封信。"
"1570","section","n.","部分/區域","Please read the first section of the book.","請閱讀這本書的第一部分。"
"1571","see","v.","看見","I can see a bird in the tree.","我可以看到樹上有一隻鳥。"
"1572","seed","n.","種子","He planted a seed in the garden.","他在花園裡種了一顆種子。"
"1573","seek","v.","尋求","They are seeking help from the government.","他們正在向政府尋求幫助。"
"1574","seem","v.","似乎","It seems that it will rain soon.","看起來好像快要下雨了。"
"1575","seesaw","n.","翹翹板","The children are playing on the seesaw.","孩子們正在玩翹翹板。"
"1576","seldom","adv.","很少","He seldom goes to the movies.","他很少去看電影。"
"1577","select","v.","選擇","Please select the best answer.","請選擇最佳答案。"
"1578","selfish","adj.","自私的","It is selfish to take everything for yourself.","把所有東西都佔為己有是很自私的。"
"1579","sell","v.","販售","The store sells fresh fruit.","這家店賣新鮮水果。"
"1580","semester","n.","學期","The final exam is at the end of the semester.","期末考在學期末。"
"1581","send","v.","寄送","I will send you an email later.","我稍後會寄給你一封電子郵件。"
"1582","sense","n.","感覺/意識","She has a good sense of humor.","她很有幽默感。"
"1583","separate","v./adj.","分開","The two friends had to separate at the train station.","這兩個朋友必須在火車站分開。"
"1584","September","n.","九月","School starts in September.","學校在九月開學。"
"1585","serious","adj.","嚴肅的/嚴重的","He is a serious student.","他是一個認真的學生。"
"1586","servant","n.","僕人","The servant cleaned the room.","僕人清理了房間。"
"1587","serve","v.","服務/供應","They serve good food in this restaurant.","這家餐廳供應美味的食物。"
"1588","service","n.","服務","The service in this hotel is excellent.","這間飯店的服務非常好。"
"1589","set","v./n.","設定/一套","Please set the alarm for 7:00.","請把鬧鐘設定在七點。"
"1590","seven","num.","七","There are seven days in a week.","一週有七天。"
"1591","seventeen","num.","十七","She is seventeen years old.","她十七歲。"
"1592","seventy","num.","七十","He is seventy years old.","他七十歲。"
"1593","several","adj.","幾個","I have seen this movie several times.","這部電影我看過好幾次了。"
"1594","shake","v.","搖晃/握手","He shook my hand when we met.","我們見面時他跟我握了手。"
"1595","shall","aux.","將要/應該","Shall we go for a walk?","我們要去散步嗎？"
"1596","shape","n.","形狀","The table is round in shape.","這張桌子的形狀是圓的。"
"1597","share","v./n.","分享","Please share your toys with your friends.","請跟你的朋友們分享你的玩具。"
"1598","shark","n.","鯊魚","The shark is a large fish in the ocean.","鯊魚是海洋裡的大魚。"
"1599","sharp","adj.","尖銳的","Be careful, the knife is very sharp.","小心，那把刀很鋒利。"
"1600","she","pron.","她","She is my best friend.","她是我的好朋友。"
"1601","sheep","n.","綿羊","The sheep are eating grass in the field.","綿羊正在田裡吃草。"
"1602","sheet","n.","床單/一張紙","Please put a clean sheet on the bed.","請在床上鋪上一張乾淨的床單。"
"1603","shelf","n.","架子","The book is on the top shelf.","那本書在最高的那層架子上。"
"1604","shine","v.","照耀","The sun shines brightly today.","今天太陽照得很亮。"
"1605","ship","n.","船","The ship is sailing across the sea.","那艘船正在海上航行。"
"1606","shirt","n.","襯衫","He is wearing a white shirt.","他穿著一件白襯衫。"
"1607","shock","n./v.","震驚/休克","The news of the accident was a big shock.","事故的消息令人震驚。"
"1608","shoe","n.","鞋子","I bought a new pair of shoes yesterday.","我昨天買了一雙新鞋。"
"1609","shoot","v.","射擊","The photographer is shooting a movie.","那位攝影師正在拍攝電影。"
"1610","shop","n./v.","商店/購物","I like to shop for clothes online.","我喜歡上網買衣服。"
"1611","shore","n.","岸邊","The ship is near the shore.","那艘船在岸邊附近。"
"1612","short","adj.","短的/矮的","She has short hair.","她留短髮。"
"1613","shot","n./v.","射擊/擊球/注射","He took a shot at the target.","他對目標射擊了一次。"
"1614","should","aux.","應該","You should study hard.","你應該用功讀書。"
"1615","shoulder","n.","肩膀","He put his bag on his shoulder.","他把包包背在肩上。"
"1616","shout","v.","大叫","Don't shout at me.","不要對我大叫。"
"1617","show","v./n.","展示/秀","He showed me his new car.","他向我展示了他的新車。"
"1618","shower","n.","淋浴/陣雨","I took a shower this morning.","我今天早上淋浴了。"
"1619","shrimp","n.","蝦子","I like to eat shrimp for dinner.","我晚餐喜歡吃蝦子。"
"1620","shut","v.","關閉","Please shut the window.","請關上窗戶。"
"1621","shy","adj.","害羞的","She is very shy and doesn't like to speak in public.","她非常害羞，不喜歡在公眾場合發言。"
"1622","sick","adj.","生病的","He stayed home because he was sick.","因為生病，他留在家裡。"
"1623","side","n.","邊/側面","Which side of the road should we walk on?","我們應該走在路的那一邊？"
"1624","sidewalk","n.","人行道","Please walk on the sidewalk, not in the street.","請走在人行道上，不要走在馬路上。"
"1625","sight","n.","視力/景觀","The Statue of Liberty is a famous sight in New York.","自由女神像是紐約著名的景點。"
"1626","sign","n./v.","標誌/簽名","Please follow the traffic sign.","請遵守交通標誌。"
"1627","silence","n.","沈默","There was silence in the room after she finished speaking.","在她說完話後，房間裡一片寂靜。"
"1628","silent","adj.","沈默的","Please be silent in the library.","請在圖書館保持安靜。"
"1629","silly","adj.","愚蠢的","It was a silly mistake to make.","那是一個很愚蠢的錯誤。"
"1630","silver","n./adj.","銀/銀色的","She wears a silver necklace.","她戴著一條銀色的項鍊。"
"1631","similar","adj.","相似的","My brother and I have similar interests.","我哥哥和我興趣相似。"
"1632","simple","adj.","簡單的","The instructions are very simple to follow.","這些指示非常簡單，容易遵循。"
"1633","simply","adv.","簡單地","It is simply the best way to do it.","這簡直是做這件事最好的方法。"
"1634","since","prep./conj.","自從/因為","I have lived here since I was a child.","我從小孩時就住在這了。"
"1635","sincere","adj.","真誠的","He gave a sincere apology for his mistake.","他為自己的錯誤作了真誠的道歉。"
"1636","sing","v.","唱歌","She likes to sing songs in her free time.","她空閒時喜歡唱歌。"
"1637","Singapore","n.","新加坡","They went to Singapore for their vacation.","他們去新加坡度假。"
"1638","singer","n.","歌手","She is a very popular singer.","她是一位很受歡迎的歌手。"
"1639","single","adj.","單身的/單一的","Is she single or married?","她是單身還是已婚？"
"1640","sink","v./n.","下沉/洗手槽","The boat began to sink after it hit a rock.","船撞到岩石後開始下沉。"
"1641","sir","n.","先生","May I help you, sir?","先生，有什麼我可以幫您的嗎？"
"1642","sister","n.","姊妹","I have two older sisters and one younger brother.","我有兩個姊姊和一個弟弟。"
"1643","sit","v.","坐","Please sit down and make yourself comfortable.","請坐，讓自己舒服一點。"
"1644","six","num.","六","There are six people in my family.","我家有六個人。"
"1645","sixteen","num.","十六","She will be sixteen next year.","她明年就十六歲了。"
"1646","sixty","num.","六十","He is sixty years old.","他六十歲。"
"1647","size","n.","大小/尺寸","What size of shoes do you wear?","你穿什麼尺寸的鞋子？"
"1648","skate","v./n.","滑冰","They went to skate on the ice rink.","他們去溜冰場滑冰。"
"1649","ski","v./n.","滑雪","He loves to ski in the winter.","他冬天喜歡滑雪。"
"1650","skill","n.","技能","Learning a new language is a useful skill.","學習一門新語言是一項有用的技能。"
"1651","skillful","adj.","熟練的","He is a skillful driver.","他是一位技術熟練的駕駛。"
"1652","skin","n.","皮膚","She has soft and smooth skin.","她有柔軟光滑的皮膚。"
"1653","skinny","adj.","很瘦的","He is too skinny; he should eat more.","他太瘦了，應該多吃點。"
"1654","skirt","n.","裙子","She is wearing a blue skirt today.","她今天穿著一件藍色裙子。"
"1655","sky","n.","天空","The sky is clear and blue.","天空晴朗且湛藍。"
"1656","sleep","v./n.","睡覺","I didn't get enough sleep last night.","我昨晚沒有睡飽。"
"1657","sleepy","adj.","想睡的","I feel very sleepy after lunch.","午餐後我感到非常想睡。"
"1658","slender","adj.","苗條的","She has a slender figure.","她有一副苗條的身材。"
"1659","slide","v./n.","滑動/滑梯","The children are playing on the slide.","孩子們正在玩滑梯。"
"1660","slim","adj.","苗條的","She works out every day to stay slim.","她每天運動以保持苗條。"
"1661","slip","v.","滑倒","He slipped on the wet floor.","他在潮濕的地板上滑倒了。"
"1662","slippers","n.","拖鞋","Please put on your slippers when you enter the house.","進入屋內時請穿上你的拖鞋。"
"1663","slow","adj.","慢的","The bus was very slow during the traffic jam.","塞車時公車開得很慢。"
"1664","small","adj.","小的","They live in a small apartment.","他們住在一間小公寓裡。"
"1665","smart","adj.","聰明的","He is a very smart boy.","他是一個非常聰明的男孩。"
"1666","smell","v./n.","聞/氣味","I can smell something burning in the kitchen.","我聞到廚房裡有燒焦的味道。"
"1667","smile","v./n.","微笑","She gave me a warm smile.","她給了我一個溫暖的微笑。"
"1668","smoke","v./n.","抽菸/煙","It is bad for your health to smoke.","抽菸對你的健康有害。"
"1669","snack","n.","點心","I like to have a healthy snack in the afternoon.","我下午喜歡吃健康的點心。"
"1670","snail","n.","蝸牛","The snail moves very slowly.","蝸牛移動得非常慢。"
"1671","snake","n.","蛇","Some snakes are poisonous.","有些蛇是有毒的。"
"1672","sneakers","n.","運動鞋","I need to buy a new pair of sneakers.","我需要買一雙新運動鞋。"
"1673","sneaky","adj.","鬼鬼祟祟的","The sneaky cat stole some fish from the kitchen.","那隻鬼鬼祟祟的貓從廚房偷了一些魚。"
"1674","snow","n./v.","雪/下雪","It started to snow in the evening.","晚上開始下雪了。"
"1675","snowy","adj.","多雪的","We love playing in the snowy mountains.","我們喜歡在多雪的山上玩耍。"
"1676","so","adv./conj.","所以/如此","It was raining, so we stayed home.","因為在下雨，所以我們待在家裡。"
"1677","soap","n.","肥皂","Please use soap to wash your hands.","請用肥皂洗手。"
"1678","soccer","n.","足球","He is a talented soccer player.","他是一位有天賦的足球員。"
"1679","social","adj.","社會的/社交的","She has a very active social life.","她的社交生活非常豐富。"
"1680","society","n.","社會","We should work together to improve our society.","我們應該共同努力改善我們的社會。"
"1681","socks","n.","襪子","I need to buy a new pair of socks.","我需要買一雙新襪子。"
"1682","soda","n.","汽水","He likes to drink soda with his pizza.","他喜歡配披薩喝汽水。"
"1683","soft","adj.","柔軟的","The bed is very soft and comfortable.","這張床非常柔軟舒適。"
"1684","soldier","n.","軍人","The soldier fought bravely for his country.","那位軍人為他的國家英勇作戰。"
"1685","solution","n.","解決方法","Do you have any solution to this problem?","你對這個問題有什麼解決方法嗎？"
"1686","solve","v.","解決","We can solve this problem together.","我們可以一起解決這個問題。"
"1687","some","adj./pron.","一些","I have some questions for you.","我有幾個問題要問你。"
"1688","somebody","pron.","有人","Somebody is knocking at the door.","有人在敲門。"
"1689","someone","pron.","有人","Does someone know the answer?","有人知道答案嗎？"
"1690","something","pron.","某事/某物","I have something to tell you.","我有事情要告訴你。"
"1691","sometimes","adv.","有時","Sometimes I go to the park on weekends.","我週末有時會去公園。"
"1692","son","n.","兒子","He has two sons and one daughter.","他有兩個兒子和一個女兒。"
"1693","song","n.","歌曲","This is my favorite song.","這是我們最喜歡的歌。"
"1694","soon","adv.","很快地","I hope to see you again soon.","希望很快能再見到你。"
"1695","sore","adj.","痠痛的","My legs are sore after the long walk.","長途行走後我的腿很痠痛。"
"1696","sorry","adj.","抱歉的","I am sorry for being late.","對不起，我遲到了。"
"1697","sort","n./v.","種類/分類","What sort of music do you like?","你喜歡哪種類型的音樂？"
"1698","soul","n.","靈魂","He is a kind soul.","他是一個心地善良的人。"
"1699","sound","n./v.","聲音/聽起來","The music sounds beautiful.","這音樂聽起來很美。"
"1700","soup","n.","湯","Would you like some hot soup?","你想要喝些熱湯嗎？"
"1701","sour","adj.","酸的","These lemons are very sour.","這些檸檬非常酸。"
"1702","source","n.","來源","What is the source of this information?","這個資訊的來源是什麼？"
"1703","south","n./adj.","南方","The sun rises in the east and sets in the west, but it is always in the south at noon.","太陽東升西落，但在中午時總是在南方。"
"1704","southern","adj.","南方的","We visited a small town in southern Taiwan.","我們造訪了台灣南部的一個小鎮。"
"1705","soy sauce","n.","醬油","Please add a little soy sauce to the dish.","請在菜裡加一點醬油。"
"1706","space","n.","空間/太空","There is no more space in the box.","盒子裡沒有更多空間了。"
"1707","spaghetti","n.","義大利麵","We are having spaghetti for dinner.","我們晚餐吃義大利麵。"
"1708","speak","v.","說","She speaks three languages.","她會說三種語言。"
"1709","speaker","n.","說話者/揚聲器","Who is the speaker at the meeting?","會議上的發言人是誰？"
"1710","special","adj.","特別的","Today is a special day for me.","今天對我來說是很特別的一天。"
"1711","speech","n.","演講","The president gave a short speech at the meeting.","總統在會議上發表了一場簡短的演講。"
"1712","speed","n.","速度","The car was driving at a high speed.","那輛車正以高速行駛。"
"1713","spell","v.","拼字","How do you spell your name?","你的名字怎麼拼？"
"1714","spelling","n.","拼字/拼寫","Her spelling of this word is wrong.","她這個字的拼寫錯誤。"
"1715","spend","v.","花費","He spends a lot of money on clothes.","他花很多錢買衣服。"
"1716","spider","n.","蜘蛛","There is a small spider in the corner.","角落裡有一隻小蜘蛛。"
"1717","spirit","n.","精神/靈魂","He has a strong fighting spirit.","他有堅強的戰鬥精神。"
"1718","spoon","n.","湯匙","I need a spoon to eat my soup.","我需要一根湯匙來喝湯。"
"1719","sport","n.","運動","What is your favorite sport?","你最喜歡的運動是什麼？"
"1720","spot","n.","點/地點","This is a beautiful spot to watch the sunset.","這是看日落的好地點。"
"1721","spread","v.","散佈/傳播","The news spread quickly.","消息傳播得很快。"
"1722","spring","n.","春天/彈簧","Spring is the time when flowers bloom.","春天是花朵綻放的季節。"
"1723","square","n./adj.","廣場/正方形","There is a large square in front of the station.","車站前有一個大廣場。"
"1724","stage","n.","舞台","The actors are on the stage now.","演員們現在在舞台上。"
"1725","stairs","n.","樓梯","Please be careful when you walk down the stairs.","下樓梯時請小心。"
"1726","stamp","n.","郵票","I need to buy a stamp for this letter.","我需要買張郵票寄這封信。"
"1727","stand","v.","站立","Please stand up when the teacher enters the room.","老師進教室時請起立。"
"1728","standard","n./adj.","標準","This is the standard procedure for this test.","這是這項測試的標準流程。"
"1729","star","n.","星星/明星","Look at the stars in the sky.","看天空中的星星。"
"1730","start","v.","開始","The movie will start in five minutes.","電影五分鐘後開始。"
"1731","state","n./v.","州/狀態/陳述","He lives in the state of California.","他住在加州。"
"1732","station","n.","車站","The train is arriving at the station.","火車即將抵達車站。"
"1733","stationery","n.","文具","She went to the store to buy some stationery.","她去店裡買了一些文具。"
"1734","stay","v.","停留/保持","We will stay at a hotel for the weekend.","週末我們將住在飯店。"
"1735","steak","n.","牛排","He ordered a medium-rare steak.","他點了一份三分熟的牛排。"
"1736","steal","v.","偷竊","Someone stole my bicycle yesterday.","昨天有人偷了我的腳踏車。"
"1737","steam","n.","蒸氣","Hot steam was rising from the cup.","熱蒸氣正從杯中升起。"
"1738","step","n./v.","腳步/台階","Watch your step on the stairs.","走樓梯時注意腳步。"
"1739","stick","n./v.","棍子/黏貼","The dog is carrying a stick in its mouth.","那隻狗嘴裡叼著一根棍子。"
"1740","still","adv./adj.","仍然/安靜的","He is still sleeping in his room.","他仍然在他的房間裡睡覺。"
"1741","stingy","adj.","小氣的","He is too stingy to buy a gift for his friend.","他太小氣了，連給朋友買個禮物都不肯。"
"1742","stomach","n.","胃","I have a stomach ache after eating too much.","吃太多之後我胃痛。"
"1743","stone","n.","石頭","The path is covered with stones.","那條小徑鋪滿了石頭。"
"1744","stop","v./n.","停止","Please stop talking and listen to me.","請停止說話，聽我說。"
"1745","store","n./v.","商店/儲存","I need to go to the store to buy some food.","我需要去商店買些食物。"
"1746","storm","n.","暴風雨","The storm caused a lot of damage.","那場暴風雨造成了許多破壞。"
"1747","stormy","adj.","暴風雨的","It was a dark and stormy night.","那是一個黑暗且暴風雨的夜晚。"
"1748","story","n.","故事","She told a very interesting story to the children.","她給孩子們講了一個非常有趣的故事。"
"1749","stove","n.","火爐","She is cooking dinner on the stove.","她正在爐子上煮晚餐。"
"1750","straight","adj./adv.","直的/直接地","Draw a straight line on the paper.","在紙上畫一條直線。"
"1751","strange","adj.","奇怪的","That is a very strange sound.","那是一個非常奇怪的聲音。"
"1752","stranger","n.","陌生人","Don't talk to strangers.","不要跟陌生人說話。"
"1753","straw","n.","吸管/稻草","I need a straw for my drink.","我喝飲料需要一根吸管。"
"1754","strawberry","n.","草莓","I like to eat fresh strawberries.","我喜歡吃新鮮的草莓。"
"1755","stream","n.","溪流","The stream flows through the forest.","那條小溪流經森林。"
"1756","street","n.","街道","There are many shops on this street.","這條街上有很多商店。"
"1757","stress","n.","壓力","He is under a lot of stress at work.","他在工作上承受著很大的壓力。"
"1758","strike","v.","打擊/罷工","The workers went on strike for better pay.","工人們為了更好的薪資進行罷工。"
"1759","strong","adj.","強壯的","He is very strong and can lift heavy boxes.","他非常強壯，可以搬動重箱子。"
"1760","struggle","v./n.","掙扎/奮鬥","She struggled to learn how to swim.","她努力掙扎才學會游泳。"
"1761","student","n.","學生","He is a hardworking student.","他是一位勤奮的學生。"
"1762","study","v./n.","學習","She studies hard for the exam.","她為了考試努力學習。"
"1763","stupid","adj.","愚蠢的","It was a stupid thing to say.","那是一句愚蠢的話。"
"1764","style","n.","風格","She has her own unique style.","她有她自己獨特的風格。"
"1765","subject","n.","學科/主題","Math is my favorite subject.","數學是我最喜歡的學科。"
"1766","subway","n.","地鐵","I take the subway to work every day.","我每天搭地鐵上班。"
"1767","succeed","v.","成功","If you work hard, you will succeed.","如果你努力，你就會成功。"
"1768","success","n.","成功","Hard work is the key to success.","努力是成功的關鍵。"
"1769","successful","adj.","成功的","He is a successful businessman.","他是一位成功的商人。"
"1770","such","adj./det.","如此的","She is such a kind person.","她是一個如此善良的人。"
"1771","sudden","adj.","突然的","The sudden change in weather surprised us.","天氣的突然變化讓我們感到驚訝。"
"1772","suddenly","adv.","突然地","It started to rain suddenly.","突然開始下雨了。"
"1773","sugar","n.","糖","Do you want some sugar in your coffee?","你的咖啡要加點糖嗎？"
"1774","suggest","v.","建議","He suggested that we go for a walk.","他建議我們去散步。"
"1775","suit","n./v.","西裝/適合","He wore a dark suit to the wedding.","他穿著一套深色西裝參加婚禮。"
"1776","summer","n.","夏天","I like to go to the beach in the summer.","我喜歡夏天去海邊。"
"1777","sun","n.","太陽","The sun is very hot today.","今天的太陽很熱。"
"1778","Sunday","n.","週日","We always visit our grandparents on Sunday.","我們總是在週日探望祖父母。"
"1779","sunny","adj.","晴朗的","It is a sunny day for a picnic.","今天是個適合野餐的晴朗日子。"
"1780","super","adj.","極好的","The movie was super!","這部電影超棒的！"
"1781","supper","n.","晚餐","We had a late supper last night.","我們昨晚吃了頓晚晚餐。"
"1782","supply","v./n.","供應","The store supplies fresh milk every morning.","這家店每天早上供應新鮮牛奶。"
"1783","support","v./n.","支持","They supported his plan for the new project.","他們支持他對新專案的計畫。"
"1784","sure","adj.","確定的","Are you sure about that?","你確定嗎？"
"1785","surf","v.","衝浪","He likes to surf in the summer.","他夏天喜歡衝浪。"
"1786","surface","n.","表面","The surface of the table is smooth.","這張桌子的表面很光滑。"
"1787","surprise","n./v.","驚訝/驚喜","The gift was a big surprise to her.","那份禮物對她來說是一個大驚喜。"
"1788","surprised","adj.","感到驚訝的","I was surprised to see him here.","在這裡看到他我很驚訝。"
"1789","survive","v.","生存","Animals need food and water to survive.","動物需要食物和水才能生存。"
"1790","swallow","v.","吞下","You should chew your food well before you swallow it.","吞嚥前你應該把食物好好咀嚼。"
"1791","swan","n.","天鵝","The swan is swimming in the lake.","天鵝正在湖裡游泳。"
"1792","sweater","n.","毛衣","It is cold outside, so wear a sweater.","外面很冷，所以穿上毛衣。"
"1793","sweep","v.","清掃","Please sweep the floor.","請掃地。"
"1794","sweet","adj.","甜的","This cake is very sweet.","這塊蛋糕很甜。"
"1795","swim","v.","游泳","She learned to swim when she was five.","她五歲時就學會游泳了。"
"1796","swimsuit","n.","泳裝","She bought a new swimsuit for the summer.","她為了夏天買了一套新泳裝。"
"1797","swing","n./v.","鞦韆/擺動","The children are playing on the swings.","孩子們正在玩鞦韆。"
"1798","symbol","n.","符號/象徵","The dove is a symbol of peace.","鴿子是和平的象徵。"
"1799","system","n.","系統","The school has a new computer system.","學校有新的電腦系統。"
"1800","table","n.","桌子","Please put the book on the table.","請把書放在桌子上。"
"1801","tail","n.","尾巴","The dog wagged its tail when it saw me.","那隻狗看到我時搖了搖尾巴。"
"1802","Taiwan","n.","台灣","I live in Taiwan.","我住在台灣。"
"1803","Taiwanese","n./adj.","台灣人/台灣的","She is Taiwanese.","她是台灣人。"
"1804","take","v.","拿/搭乘/花費","It takes me thirty minutes to walk to school.","走路到學校花我三十分鐘。"
"1805","talent","n.","天才/天賦","She has a talent for music.","她在音樂方面很有天賦。"
"1806","talk","v./n.","談話","We need to have a serious talk.","我們需要進行一次嚴肅的談話。"
"1807","talkative","adj.","多話的","He is a very talkative boy.","他是一個非常多話的男孩。"
"1808","tall","adj.","高的","He is the tallest boy in the class.","他是班上最高的男孩。"
"1809","tangerine","n.","橘子","I ate a sweet tangerine after lunch.","午餐後我吃了一顆甜橘子。"
"1810","tank","n.","坦克/水槽","The fish is swimming in the tank.","魚在水槽裡游泳。"
"1811","tape","n./v.","膠帶/錄音","Please use some tape to fix the broken box.","請用些膠帶修補那個壞掉的盒子。"
"1812","target","n.","目標","We reached our sales target for this month.","我們達成了這個月的銷售目標。"
"1813","task","n.","任務","I have a lot of tasks to do today.","我今天有很多任務要完成。"
"1814","taste","v./n.","味道/品嚐","This soup tastes very good.","這湯嚐起來很好喝。"
"1815","taxi","n.","計程車","We took a taxi to the airport.","我們搭計程車去機場。"
"1816","tea","n.","茶","Would you like a cup of tea?","你想要來杯茶嗎？"
"1817","teach","v.","教導","She teaches English at the school.","她在學校教英文。"
"1818","teacher","n.","老師","Our teacher is very kind.","我們的老師非常和藹。"
"1819","team","n.","團隊/隊伍","Our team won the basketball game.","我們的隊伍贏得了籃球賽。"
"1820","teapot","n.","茶壺","She poured some tea from the teapot.","她從茶壺倒了一些茶。"
"1821","tear","n./v.","眼淚/撕裂","Tears ran down her cheeks.","眼淚從她的臉頰流下。"
"1822","teenager","n.","青少年","This program is popular among teenagers.","這個節目在青少年間很受歡迎。"
"1823","telephone","n.","電話","Can I use your telephone?","我可以借用你的電話嗎？"
"1824","television","n.","電視","They are watching television.","他們正在看電視。"
"1825","tell","v.","告訴","Can you tell me the truth?","你能告訴我真相嗎？"
"1826","temple","n.","寺廟","There is an old temple in the village.","村子裡有一座古老的寺廟。"
"1827","ten","num.","十","I have ten fingers.","我有十根手指。"
"1828","tennis","n.","網球","She plays tennis every Saturday.","她每週六打網球。"
"1829","tent","n.","帳篷","We slept in a tent during the camping trip.","露營期間我們睡在帳篷裡。"
"1830","term","n.","學期/術語","The school term ends in June.","學期在六月結束。"
"1831","terrible","adj.","糟糕的","I had a terrible day at work.","我今天工作過得很糟糕。"
"1832","terrific","adj.","極好的","You did a terrific job on the project.","你在專案上表現得太棒了。"
"1833","test","n./v.","測試","We have a science test tomorrow.","我們明天有科學考試。"
"1834","textbook","n.","教科書","Please open your textbook to page 20.","請將教科書打開到第 20 頁。"
"1835","than","conj./prep.","比","She is taller than her brother.","她比她哥哥高。"
"1836","thank","v.","感謝","Thank you for your help.","感謝你的幫忙。"
"1837","that","conj./pron./adj.","那個/那","I believe that he is honest.","我相信他是誠實的。"
"1838","the","art.","這/那","The book is on the desk.","那本書在桌子上。"
"1839","theater","n.","劇院/電影院","We are going to the theater to see a movie.","我們要去電影院看電影。"
"1840","their","pron.","他們的","Their house is near the park.","他們的房子靠近公園。"
"1841","them","pron.","他們（受格）","I saw them at the park yesterday.","我昨天在公園看到他們。"
"1842","themselves","pron.","他們自己","The children can dress themselves.","孩子們可以自己穿衣服。"
"1843","pro","n.","專業人士","He plays like a real pro.","他打起球來就像個專業人士。"
"1844","then","adv.","當時/然後","I was living in Taipei then.","我當時住在台北。"
"1845","there","adv.","在那裡","Put the box over there.","把箱子放在那邊。"
"1846","therefore","adv.","因此","It was raining; therefore, we stayed home.","在下雨；因此，我們待在家裡。"
"1847","these","pron./adj.","這些","These are my favorite books.","這些是我最喜歡的書。"
"1848","they","pron.","他們","They are playing soccer.","他們正在踢足球。"
"1849","thick","adj.","厚的","This is a thick book.","這是一本厚書。"
"1850","thief","n.","小偷","The thief was caught by the police.","小偷被警察抓住了。"
"1851","thin","adj.","薄的/瘦的","She has thin hair.","她的頭髮很稀疏（薄）。"
"1852","thing","n.","事情/物","I have many things to do today.","我今天有很多事情要做。"
"1853","think","v.","想/認為","I think it is a good idea.","我認為這是一個好主意。"
"1854","third","num.","第三","He finished in third place.","他獲得了第三名。"
"1855","thirsty","adj.","口渴的","I am very thirsty; may I have some water?","我很渴，可以給我一些水嗎？"
"1856","this","pron./adj.","這個/這","This is my friend, Mary.","這是我的朋友，瑪麗。"
"1857","those","pron./adj.","那些","Those are my shoes.","那些是我的鞋子。"
"1858","though","conj.","雖然","Though it was cold, we went swimming.","雖然很冷，我們還是去游泳了。"
"1859","thought","v./n.","想（think 的過去式）/想法","I thought he was right.","我以為他是對的。"
"1860","thousand","num.","一千","There are a thousand people in the hall.","大廳裡有一千個人。"
"1861","three","num.","三","I have three brothers.","我有三個兄弟。"
"1862","throat","n.","喉嚨","I have a sore throat.","我喉嚨痛。"
"1863","through","prep./adv.","通過","We drove through the tunnel.","我們開車穿過了隧道。"
"1864","throughout","prep./adv.","遍及/在...期間","It rained throughout the night.","雨下了一整夜。"
"1865","throw","v.","投擲","He threw the ball to his friend.","他把球扔給了他的朋友。"
"1866","thumb","n.","拇指","He cut his thumb while cooking.","他烹飪時割傷了拇指。"
"1867","thunder","n.","雷聲","I heard the thunder before the rain.","下雨前我聽到了雷聲。"
"1868","Thursday","n.","週四","We have a meeting on Thursday.","我們週四有個會議。"
"1869","thus","adv.","因此","He did not study; thus, he failed the test.","他沒讀書；因此，他考試不及格。"
"1870","ticket","n.","票","I bought a ticket for the concert.","我買了一張演唱會的票。"
"1871","tidy","adj./v.","整潔的/整理","Please keep your room tidy.","請保持你的房間整潔。"
"1872","tie","v./n.","繫/領帶","He wore a red tie to the party.","他戴著一條紅領帶參加派對。"
"1873","tiger","n.","老虎","The tiger is a powerful animal.","老虎是一種強大的動物。"
"1874","till","prep./conj.","直到","Wait till I come back.","等到我回來。"
"1875","time","n.","時間","What time is it?","現在幾點了？"
"1876","tiny","adj.","微小的","The baby has tiny feet.","嬰兒有小小的腳。"
"1877","tip","n./v.","小費/建議/頂端","The waiter received a good tip.","服務生收到了一筆不錯的小費。"
"1878","tired","adj.","疲倦的","I am very tired after work.","下班後我很疲倦。"
"1879","title","n.","標題/頭銜","What is the title of the book?","這本書的標題是什麼？"
"1880","to","prep./inf.","向/至","I am going to the park.","我要去公園。"
"1881","toast","n./v.","吐司/烤麵包","I had toast and eggs for breakfast.","我早餐吃了吐司和蛋。"
"1882","today","n./adv.","今天","It is a beautiful day today.","今天是美好的一天。"
"1883","toe","n.","腳趾","I stubbed my toe on the table.","我的腳趾踢到了桌子。"
"1884","tofu","n.","豆腐","He likes to eat tofu.","他喜歡吃豆腐。"
"1885","together","adv.","一起","We went to the movie together.","我們一起去看電影。"
"1886","toilet","n.","廁所","Where is the nearest toilet?","最近的廁所在哪裡？"
"1887","tomato","n.","番茄","She is cutting a tomato for the salad.","她正在切番茄準備做沙拉。"
"1888","tomorrow","n./adv.","明天","I will call you tomorrow.","我明天會打電話給你。"
"1889","tongue","n.","舌頭","Don't stick out your tongue.","不要伸出你的舌頭。"
"1890","top","n./adj.","頂部","The book is on top of the desk.","那本書在桌子頂端（桌面上）。"
"1891","topic","n.","主題","What is the topic of today's meeting?","今天會議的主題是什麼？"
"1892","total","n./adj.","總數/總共的","The total number of students is one hundred.","學生總數是一百人。"
"1893","touch","v./n.","觸摸/聯繫","Don't touch the wet paint.","不要觸摸潮濕的油漆。"
"1894","tour","n./v.","旅遊/巡迴","We went on a tour of the museum.","我們去參觀了博物館（進行了導覽）。"
"1895","toward","prep.","朝向","She walked toward the bus stop.","她朝公車站走去。"
"1896","towel","n.","毛巾","Please use a clean towel.","請使用乾淨的毛巾。"
"1897","tower","n.","塔","The tower is very high.","那座塔非常高。"
"1898","town","n.","城鎮","He lives in a small town.","他住在一個小城鎮。"
"1899","toy","n.","玩具","The child is playing with his toy car.","孩子正在玩他的玩具車。"
"1900","trace","n./v.","痕跡/追蹤","The police found some traces of the thief.","警察發現了一些小偷的痕跡。"
"1901","track","n.","軌道/足跡","The train is on the right track.","火車在正確的軌道上。"
"1902","trade","n./v.","貿易/交易","They trade goods with other countries.","他們與其他國家進行貨物貿易。"
"1903","tradition","n.","傳統","It is a tradition to have turkey on Thanksgiving.","感恩節吃火雞是一種傳統。"
"1904","traditional","adj.","傳統的","She likes to wear traditional clothes.","她喜歡穿傳統服裝。"
"1905","traffic","n.","交通","The traffic is very heavy this morning.","今天早上的交通非常壅塞。"
"1906","train","n./v.","火車/訓練","I take the train to work.","我搭火車上班。"
"1907","trap","n./v.","陷阱/誘捕","The mouse was caught in a trap.","老鼠掉進陷阱裡被抓住了。"
"1908","trash","n.","垃圾","Please throw your trash in the bin.","請把你的垃圾扔進垃圾桶。"
"1909","travel","v./n.","旅遊","He likes to travel around the world.","他喜歡到世界各地旅遊。"
"1910","treasure","n.","寶藏","They are looking for buried treasure.","他們正在尋找埋藏的寶藏。"
"1911","treat","v./n.","款待/對待","I will treat you to dinner tonight.","我今晚請你吃晚餐。"
"1912","treatment","n.","處理/治療","She is receiving medical treatment at the hospital.","她正在醫院接受治療。"
"1913","tree","n.","樹","There is a big tree in the garden.","花園裡有一棵大樹。"
"1914","trial","n.","審判/試驗","The trial will last for two weeks.","審判將持續兩週。"
"1915","triangle","n.","三角形","Draw a triangle on the board.","在黑板上畫一個三角形。"
"1916","trick","n./v.","把戲/惡作劇","He likes to play tricks on his friends.","他喜歡對朋友們惡作劇。"
"1917","trip","n.","旅遊","We are planning a trip to Japan.","我們正在規劃一趟日本之旅。"
"1918","trouble","n./v.","麻煩","I am having trouble with my computer.","我的電腦出了些麻煩。"
"1919","trousers","n.","長褲","He is wearing a pair of brown trousers.","他穿著一條棕色長褲。"
"1920","truck","n.","卡車","The truck is carrying a lot of boxes.","那輛卡車載著許多箱子。"
"1921","true","adj.","真實的","It is true that he won the game.","他是贏家這件事是真的。"
"1922","trumpet","n.","小號","He plays the trumpet in the school band.","他在學校樂團吹奏小號。"
"1923","trust","v./n.","信任","I trust my best friend.","我信任我最好的朋友。"
"1924","truth","n.","真相","Tell me the truth!","告訴我真相！"
"1925","try","v.","嘗試","You should try this delicious cake.","你應該嘗試這塊美味的蛋糕。"
"1926","T-shirt","n.","T恤","She is wearing a white T-shirt.","她穿著一件白色T恤。"
"1927","tub","n.","浴缸/桶","I want to take a bath in the tub.","我想在浴缸裡泡澡。"
"1928","Tuesday","n.","週二","We have an English class on Tuesday.","我們週二有英文課。"
"1929","tummy","n.","肚子","My tummy hurts.","我的肚子痛。"
"1930","tunnel","n.","隧道","The train passed through the tunnel.","火車穿過了隧道。"
"1931","turkey","n.","火雞","We had a large turkey for dinner.","我們晚餐吃了一隻大火雞。"
"1932","turn","v./n.","轉動/輪流","Please turn the wheel to the right.","請把方向盤向右轉。"
"1933","turtle","n.","烏龜","The turtle moved very slowly.","烏龜移動得非常慢。"
"1934","TV","n.","電視","Are you watching TV?","你在看電視嗎？"
"1935","twelve","num.","十二","There are twelve months in a year.","一年有十二個月。"
"1936","twenty","num.","二十","He is twenty years old.","他二十歲。"
"1937","twice","adv.","兩次","I have been to Japan twice.","我去過日本兩次。"
"1938","two","num.","二","I have two cats.","我有兩隻貓。"
"1939","type","n./v.","類型/打字","What type of music do you like?","你喜歡哪種類型的音樂？"
"1940","typhoon","n.","颱風","The school is closed because of the typhoon.","因為颱風學校停課了。"
"1941","ugly","adj.","醜陋的","That is an ugly hat.","那是一頂醜陋的帽子。"
"1942","umbrella","n.","雨傘","Don't forget to take your umbrella.","別忘了帶你的傘。"
"1943","uncle","n.","叔叔/伯伯/舅舅","My uncle works in a bank.","我叔叔在銀行工作。"
"1944","under","prep.","在...之下","The cat is hiding under the bed.","貓躲在床底下。"
"1945","underline","v.","畫底線","Please underline the important words.","請把重要的字畫上底線。"
"1946","underpass","n.","地下道","They walked through the underpass.","他們走過了地下道。"
"1947","underwear","n.","內衣褲","He went to buy some new underwear.","他去買了一些新內衣褲。"
"1948","unhappy","adj.","不快樂的","He looked very unhappy today.","他今天看起來很不快樂。"
"1949","uniform","n.","制服","All students must wear a school uniform.","所有學生都必須穿校服。"
"1950","unique","adj.","獨特的","She has a unique way of solving problems.","她有一種獨特的解決問題方法。"
"1951","unit","n.","單位/單元","We have finished the first unit of the book.","我們已經完成了這本書的第一單元。"
"1952","universe","n.","宇宙","The universe is very large.","宇宙非常大。"
"1953","university","n.","大學","He is studying at a university in Taipei.","他正在台北的一所大學讀書。"
"1954","until","prep./conj.","直到","I will wait here until you come back.","我會在這裡等你直到你回來。"
"1955","up","adv./prep.","向上","He went up the stairs.","他走上樓梯。"
"1956","upon","prep.","在...之上","Once upon a time, there was a king.","從前，有一位國王。"
"1957","upper","adj.","上面的","She lives on the upper floor.","她住在樓上的那層。"
"1958","upstairs","adv./adj.","在樓上","She went upstairs to sleep.","她上樓去睡覺。"
"1959","us","pron.","我們（受格）","Can you help us?","你可以幫我們嗎？"
"1960","USA","n.","美國","He traveled to the USA last year.","他去年去了美國。"
"1961","use","v./n.","使用","Can I use your pen?","我可以借用你的筆嗎？"
"1962","used","adj.","二手的/習慣的","I bought a used car.","我買了一輛二手車。"
"1963","useful","adj.","有用的","This dictionary is very useful.","這本字典非常有用。"
"1964","user","n.","使用者","The website has many users.","這個網站有很多使用者。"
"1965","usual","adj.","通常的","He did his usual routine.","他做了他平常的例行事務。"
"1966","usually","adv.","通常","I usually get up at 7:00.","我通常七點起床。"
"1967","vacation","n.","假期","We are going on vacation next week.","我們下週要去度假。"
"1968","valley","n.","山谷","The village is in the valley.","這個村莊位於山谷中。"
"1969","value","n./v.","價值/重視","This painting is of great value.","這幅畫非常有價值。"
"1970","vegetable","n.","蔬菜","You should eat more vegetables.","你應該多吃蔬菜。"
"1971","vendor","n.","小販","The street vendor sells delicious snacks.","那位攤販賣著美味的點心。"
"1972","very","adv.","非常","It is very cold today.","今天非常冷。"
"1973","vest","n.","背心","He wears a vest over his shirt.","他在襯衫外面穿了一件背心。"
"1974","victory","n.","勝利","The team celebrated their victory.","該隊慶祝了他們的勝利。"
"1975","video","n.","影片/錄影","I watched a funny video on the internet.","我在網路上看了一支有趣的影片。"
"1976","view","n./v.","景觀/看法","The view from the window is beautiful.","從窗戶看出去的景觀很美。"
"1977","village","n.","村莊","They live in a quiet village.","他們住在一個安靜的村莊。"
"1978","vinegar","n.","醋","Add some vinegar to the salad.","在沙拉裡加些醋。"
"1979","violin","n.","小提琴","She plays the violin very well.","她小提琴拉得非常好。"
"1980","visit","v./n.","訪問/參觀","I will visit my friend this weekend.","我這個週末會去拜訪我的朋友。"
"1981","visit","v./n.","拜訪","I will visit my aunt tomorrow.","我明天會去拜訪我的阿姨。"
"1982","visitor","n.","訪客","There are many visitors in the museum.","博物館裡有很多訪客。"
"1983","voice","n.","聲音（人的）","She has a beautiful singing voice.","她有很美的歌聲。"
"1984","volleyball","n.","排球","They are playing volleyball at the beach.","他們正在沙灘上打排球。"
"1985","volume","n.","音量","Please turn down the volume.","請把音量調小。"
"1986","vote","v./n.","投票","Who did you vote for?","你投給誰？"
"1987","voter","n.","投票人","The voter cast his vote.","那位投票人投下了他的一票。"
"1988","waist","n.","腰","She has a slim waist.","她有纖細的腰。"
"1989","wait","v.","等待","Please wait for me.","請等我一下。"
"1990","waiter","n.","服務生（男）","The waiter brought us our food.","服務生為我們送來餐點。"
"1991","waitress","n.","服務生（女）","The waitress asked what we wanted to order.","女服務生問我們想點什麼。"
"1992","wake","v.","醒來","I wake up at 7:00 every day.","我每天七點醒來。"
"1993","walk","v./n.","走路/散步","Let's go for a walk in the park.","我們去公園散步吧。"
"1994","wall","n.","牆壁","There is a picture on the wall.","牆上有一幅畫。"
"1995","wallet","n.","錢包","I lost my wallet on the bus.","我的錢包掉在公車上了。"
"1996","want","v.","想要","I want to buy a new phone.","我想要買一支新手機。"
"1997","war","n.","戰爭","War brings suffering to everyone.","戰爭帶給所有人痛苦。"
"1998","warm","adj.","溫暖的","It is a warm day today.","今天天氣很溫暖。"
"1999","wash","v.","清洗","I need to wash my hands before eating.","我飯前需要洗手。"
"2000","waste","v./n.","浪費","Don't waste your time.","別浪費你的時間。"
"2001","watch","v./n.","觀看/手錶","I am watching a movie.","我正在看電影。"
"2002","water","n.","水","Please drink more water.","請多喝水。"
"2003","waterfall","n.","瀑布","The waterfall is very beautiful.","那座瀑布非常美麗。"
"2004","wave","v./n.","揮手/波浪","She waved goodbye to her friend.","她向她的朋友揮手告別。"
"2005","way","n.","方法/道路","Is this the right way to the station?","這是去車站的路嗎？"
"2006","we","pron.","我們","We are friends.","我們是朋友。"
"2007","weak","adj.","虛弱的","He felt weak after being sick.","生病後他感到虛弱。"
"2008","weapon","n.","武器","The police found a weapon.","警察發現了一樣武器。"
"2009","wear","v.","穿戴","She is wearing a beautiful dress.","她穿著一件漂亮的洋裝。"
"2010","weather","n.","天氣","How is the weather today?","今天天氣如何？"
"2011","wedding","n.","婚禮","They are planning a beautiful wedding.","他們正在規劃一場美麗的婚禮。"
"2012","Wednesday","n.","週三","Today is Wednesday.","今天是週三。"
"2013","week","n.","週","There are seven days in a week.","一週有七天。"
"2014","weekday","n.","平日","I usually work on weekdays.","我通常在平日工作。"
"2015","weekend","n.","週末","We love going to the park on weekends.","我們喜歡在週末去公園。"
"2016","weekly","adj./adv.","每週的","We have a weekly meeting.","我們每週開一次會。"
"2017","weight","n.","重量","What is your weight?","你的體重是多少？"
"2018","welcome","v./adj./n.","歡迎","You are welcome to join us.","歡迎你加入我們。"
"2019","well","adv./adj.","好地/健康的","She sings very well.","她唱歌唱得很好。"
"2020","west","n./adj.","西方","The sun sets in the west.","太陽在西方落下。"
"2021","western","adj.","西方的","He likes western movies.","他喜歡西方電影。"
"2022","wet","adj.","潮濕的","The clothes are still wet.","衣服還是濕的。"
"2023","whale","n.","鯨魚","The whale is a very large animal.","鯨魚是一種非常巨大的動物。"
"2024","what","pron./det.","什麼","What are you doing?","你在做什麼？"
"2025","whatever","pron./det.","無論什麼","You can eat whatever you like.","你可以吃任何你喜歡的東西。"
"2026","wheel","n.","輪子","The car has four wheels.","汽車有四個輪子。"
"2027","when","conj./adv.","什麼時候","When is your birthday?","你的生日是什麼時候？"
"2028","where","adv./conj.","哪裡","Where do you live?","你住在哪裡？"
"2029","whether","conj.","是否","I don't know whether he will come.","我不知道他是否會來。"
"2030","which","pron./det.","哪一個","Which book do you want?","你想要哪本書？"
"2031","while","conj./n.","當...時/一段時間","I read a book while waiting for the bus.","我等公車時讀了一本書。"
"2032","white","adj./n.","白色的","She is wearing a white dress.","她穿著一件白色的洋裝。"
"2033","who","pron.","誰","Who is that man?","那個人是誰？"
"2034","whole","adj.","完整的/全部的","I spent the whole day reading.","我花了一整天在讀書。"
"2035","whom","pron.","誰（受格）","Whom did you see at the party?","你在派對上看到了誰？"
"2036","whose","pron./det.","誰的","Whose book is this?","這是誰的書？"
"2037","why","adv.","為什麼","Why are you crying?","你為什麼在哭？"
"2038","wide","adj.","寬的","The road is very wide.","這條路非常寬。"
"2039","widen","v.","變寬","They plan to widen the street.","他們計畫將這條街拓寬。"
"2040","wife","n.","妻子","He is going out with his wife.","他要跟他的妻子出門。"
"2041","wild","adj.","野生的","They saw some wild animals in the forest.","他們在森林裡看到一些野生動物。"
"2042","will","aux.","將","I will go to the party tonight.","我今晚會去派對。"
"2043","willing","adj.","願意的","He is willing to help you.","他很樂意幫助你。"
"2044","win","v.","贏","He wants to win the game.","他想要贏得這場比賽。"
"2045","window","n.","窗戶","Please open the window.","請打開窗戶。"
"2046","windy","adj.","多風的","It is very windy outside.","外面風很大。"
"2047","wine","n.","葡萄酒","They drank some wine with dinner.","他們晚餐喝了一些葡萄酒。"
"2048","wing","n.","翅膀","The bird has strong wings.","那隻鳥有強壯的翅膀。"
"2049","winner","n.","獲勝者","She is the winner of the contest.","她是這場比賽的獲勝者。"
"2050","winter","n.","冬天","I like to ski in the winter.","我冬天喜歡滑雪。"
"2051","wise","adj.","明智的","It was a wise decision to stay home.","留在家裡是一個明智的決定。"
"2052","wish","v./n.","希望/願望","I wish you a happy birthday.","祝你生日快樂。"
"2053","with","prep.","與...一起","I went to the store with my friend.","我和我的朋友一起去店裡。"
"2054","within","prep.","在...範圍內","The hotel is within walking distance.","飯店在步行距離之內。"
"2055","without","prep.","沒有","Don't go out without an umbrella.","沒有帶傘別出去。"
"2056","wok","n.","炒菜鍋","She is cooking in a wok.","她正在用炒菜鍋煮菜。"
"2057","wolf","n.","狼","The wolf lives in the forest.","狼生活在森林裡。"
"2058","woman","n.","女人","She is a kind woman.","她是一位善良的女人。"
"2059","wonder","v./n.","納悶/奇蹟","I wonder why he is late.","我納悶他為什麼遲到了。"
"2060","wonderful","adj.","極好的","We had a wonderful time at the party.","我們在派對上玩得很開心。"
"2061","wood","n.","木頭","The table is made of wood.","這張桌子是木頭做的。"
"2062","wooden","adj.","木製的","She has a wooden box.","她有一個木盒。"
"2063","word","n.","單字/話","Please write down the word.","請寫下這個單字。"
"2064","work","v./n.","工作","He works in a hospital.","他在醫院工作。"
"2065","worker","n.","工人","The workers are building a house.","工人們正在蓋房子。"
"2066","world","n.","世界","She wants to travel around the world.","她想要環遊世界。"
"2067","worry","v./n.","擔心","Don't worry about me.","別擔心我。"
"2068","worth","adj.","值得的","The book is worth reading.","這本書值得一讀。"
"2069","would","aux.","將會（will 的過去式）","I thought you would come.","我以為你會來。"
"2070","wound","n./v.","傷口/受傷","He has a wound on his arm.","他的手臂上有一個傷口。"
"2071","wrist","n.","手腕","She wears a watch on her wrist.","她手腕上戴著一隻手錶。"
"2072","write","v.","寫","Please write your name here.","請在這裡寫下你的名字。"
"2073","writer","n.","作家","He is a famous writer.","他是一位著名的作家。"
"2074","wrong","adj.","錯誤的","You gave me the wrong answer.","你給了我錯誤的答案。"
"2075","yard","n.","庭院/碼","The children are playing in the yard.","孩子們正在庭院裡玩耍。"
"2076","year","n.","年","There are 365 days in a year.","一年有 365 天。"
"2077","yearly","adj./adv.","每年的","We have a yearly checkup.","我們每年有一次健康檢查。"
"2078","yellow","adj./n.","黃色的","The sun is yellow.","太陽是黃色的。"
"2079","yes","adv.","是的","Yes, I am ready.","是的，我準備好了。"
"2080","yesterday","n./adv.","昨天","It rained yesterday.","昨天下了雨。"
"2081","yet","adv./conj.","尚未/然而","I haven't finished my work yet.","我還沒完成我的工作。"
"2082","you","pron.","你/你們","How are you today?","你今天好嗎？"
"2083","young","adj.","年輕的","She is a young girl.","她是一個年輕的女孩。"
"2084","your","pron.","你的/你們的","Is this your book?","這是你的書嗎？"
"2085","yours","pron.","你的/你們的（所有格代名詞）","This pen is yours.","這支筆是你的。"
"2086","yourself","pron.","你自己","You should take care of yourself.","你應該照顧好你自己。"
"2087","youth","n.","青年時期/年輕人","He spent his youth in the country.","他在鄉下度過了年輕時期。"
"2088","yummy","adj.","美味的","The cake is yummy!","蛋糕真美味！"
"2089","zebra","n.","斑馬","The zebra has black and white stripes.","斑馬有黑白條紋。"
"2090","zero","num.","零","The temperature is zero degrees.","氣溫是零度。"
"2091","zoo","n.","動物園","We went to the zoo on Sunday.","我們週日去了動物園。" 